NDNL REPORT FOR VOYAGE: 0FTEGN1MA,,,,,,,,,,,,,,,,,,,,,,,,,,,,,,,,,,,,
,,,,,,,,,,,,,,,,,,,,,,,,,,,,,,,,,,,,
BOOKING,WORKFLOW,MOVE_TERMS,AES,AES_EXT,BOOKED DATE,SERVICE,VOYAGE,INLAND RAMP,RAMP CUT,PORT CUT,SAIL_DATE,STATUS,ORIGIN,POL,PTS,POD,FPD,CONTRACT,QUOTE,COMMODITY_CODE,COMMODITY,COMMODITY_BOC,OVERSIZE,HAZ,SIZE_TYPE,UNITS,TEUS,ASSIGNED CONTS,RECEIVED CONTS,PARTNER_CODE,SHIP_CAT,FULL_NAME,CITY_STATE,BKG_REMARKS,FINAL_SALES_REP,FINAL_SALES_AREA
CAN0681433,00ND - BOOKED - NO DOCS,RP,null,null,22-09-2022 20:39,JDX,0FTEGN1MA,USPDXDNWC,05-11-2022 16:00,09-11-2022 11:00,12-11-2022 00:00,1,USPDX,USTIW,CNNGB,MYPKG,null,22-3224,null,390330,Acrylonitrilebutadienestyren,null,N,N,40HC,8,16,0,0,3565090,QT PLASTICS TRADING INC,QT PLASTICS TRADING INC,null,QTPLASTICS@YAHOO.CA,DEBBIE YU,CACAR
CAN0686176,00ND - BOOKED - NO DOCS,PP,null,null,12-10-2022 12:58,JDX,0FTEGN1MA,null,null,09-11-2022 11:00,12-11-2022 00:00,1,null,USTIW,CNNGB,MYPKG,null,22-3224,null,390330,Acrylonitrilebutadienestyren,null,N,N,40HC,6,12,0,0,3565090,QT PLASTICS TRADING INC,QT PLASTICS TRADING INC,null,QTPLASTICS@YAHOO.CA,DEBBIE YU,CACAR
CAN0688160,00ND - BOOKED - NO DOCS,RP,null,null,19-10-2022 12:27,JDX,0FTEGN1MA,USPDXDPCR,04-11-2022 16:00,09-11-2022 11:00,12-11-2022 00:00,1,USPDX,USTIW,CNNGB,MYPKG,null,22-3224,null,390330,Acrylonitrilebutadienestyren,null,N,N,40HC,1,2,0,0,3565090,QT PLASTICS TRADING INC,QT PLASTICS TRADING INC,null,QTPLASTICS@YAHOO.CA,DEBBIE YU,CACAR
CAN0688618,00ND - BOOKED - NO DOCS,PP,null,null,21-10-2022 16:31,JDX,0FTEGN1MA,null,null,09-11-2022 11:00,12-11-2022 00:00,1,null,USTIW,CNNGB,MYPEN,null,null,QCAN006232,392061,"Plates, sheets, film, foil and",null,N,N,40HC,4,8,0,0,3216543,GOLDEN TRUST TRADING INC,GOLDEN TRUST TRADING INC,null,FEIFEI.SHAN@GOLDENTRUSTTRADING.COM,DEBBIE YU,CACAR
CAN0688745,00ND - BOOKED - NO DOCS,PP,null,null,21-10-2022 16:34,JDX,0FTEGN1MA,null,null,09-11-2022 11:00,12-11-2022 00:00,1,null,USTIW,CNNGB,MYPEN,null,null,QCAN006232,392061,"Plates, sheets, film, foil and",null,N,N,40HC,4,8,0,0,3216543,GOLDEN TRUST TRADING INC,GOLDEN TRUST TRADING INC,null,FEIFEI.SHAN@GOLDENTRUSTTRADING.COM,DEBBIE YU,CACAR
CAN0688747,00ND - BOOKED - NO DOCS,PP,null,null,21-10-2022 14:21,JDX,0FTEGN1MA,null,null,09-11-2022 11:00,12-11-2022 00:00,1,null,USTIW,CNNGB,MYPKG,null,null,QCAN006232,392061,"Plates, sheets, film, foil and",null,N,N,40HC,4,8,0,0,3216543,GOLDEN TRUST TRADING INC,GOLDEN TRUST TRADING INC,null,FEIFEI.SHAN@GOLDENTRUSTTRADING.COM,DEBBIE YU,CACAR
CAN0688748,00ND - BOOKED - NO DOCS,PP,null,null,21-10-2022 14:28,JDX,0FTEGN1MA,null,null,09-11-2022 11:00,12-11-2022 00:00,1,null,USTIW,CNNGB,MYPKG,null,null,QCAN006232,392061,"Plates, sheets, film, foil and",null,N,N,40HC,4,8,0,0,3216543,GOLDEN TRUST TRADING INC,GOLDEN TRUST TRADING INC,null,FEIFEI.SHAN@GOLDENTRUSTTRADING.COM,DEBBIE YU,CACAR
LHV2981388,00ND - BOOKED - NO DOCS,PP,null,null,30-09-2022 00:00,JDX,0FTEGN1MA,null,null,09-11-2022 11:00,12-11-2022 00:00,1,null,USTIW,CNNGB,IDJKT,null,22-3179,null,40410,"Whey and modified whey, whethe",null,N,N,40ST,6,12,0,0,54300,LACTALIS INGREDIENTS,LACTALIS INGREDIENTS,"BOURGBARRE, 35",NOELLE.GAMASIA@FR.LACTALIS.COM,FOREIGN PARTNER,FOFGN
NAM5263578, -,PP,null,null,13-04-2022 00:00,JDX,0FTEGN1MA,null,null,09-11-2022 11:00,12-11-2022 00:00,1,null,USTIW,CNSHK,LKCMB,null,null,QNAM066737,481910,"Cartons, boxes and cases, of c","Cartons, boxes and cases, of c",N,N,40HC,2,4,0,0,310244,INTERNATIONAL PAPER CO,INTERNATIONAL PAPER CO,"MEMPHIS, TN","VIP** Kelsi Cunningham, kcunningham@page-int.com, 912-964-7243 ext 157",JOHN LAIRD,USSAR
NAM5334276, -,PP,null,null,06-05-2022 17:00,JDX,0FTEGN1MA,null,null,09-11-2022 11:00,12-11-2022 00:00,1,null,USTIW,CNNGB,MYPKG,null,22-5086,null,470710,Recovered waste and scrap pa,waste paper,N,N,40HC,15,30,0,0,676116,DENISON INTERNATIONAL CORPORATION,DENISON INTERNATIONAL CORPORATION,"CHINO, CA",DENISONBOOKING@DENISONINTL.COM,YUBIN YIN,USTRD
NAM5343905,71CA - VIP - BOOKED NO DOC,PR,null,null,11-05-2022 00:00,JDX,0FTEGN1MA,null,null,09-11-2022 11:00,12-11-2022 00:00,1,null,USTIW,null,TWKHH,TWTXG,22-5078,null,481039,"Kraft paper and paperboard, co","Kraft Paper And Paperboard, Co",N,N,40HC,2,4,0,0,3697089,SUNSET TRADING,SUNSET TRADING,"VANCOUVER, WA",LISA.ANDERSEN@CELLMARK.COM,YUBIN YIN,USTRD
NAM5403242,00AB - VIP- INCOMPLETE SI,PD,X20220715721157,X20220715721157,02-06-2022 15:21,JDX,0FTEGN1MA,null,null,09-11-2022 11:00,12-11-2022 00:00,1,null,USTIW,CNNGB,KRPUS,KRESG,22-5506,null,480411,"Unbleached kraftliner, uncoate","Unbleached kraftliner, uncoate",N,N,40HC,1,2,1,1,310244,INTERNATIONAL PAPER CO,INTERNATIONAL PAPER CO,"MEMPHIS, TN",JOSEPHD@MALLORYGROUP.COM,JOHN LAIRD,USSAR
NAM5472510, -,PD,null,null,27-06-2022 20:04,JDX,0FTEGN1MA,null,null,09-11-2022 11:00,12-11-2022 00:00,1,null,USTIW,CNNGB,THLCH,THLKR,21-5056,null,470710,Recovered waste and scrap pa,Recovered waste and scrap paper or paperboard of,N,N,40HC,10,20,0,0,1500704,WM RECYCLE AMERICA LLC,WM RECYCLE AMERICA LLC,null,WM@XPORTFORWARDING.COM,CAROLYN WETZEL,USMWR
NAM5543926,00AB - VIP- INCOMPLETE SI,PR,X20220818603543,X20220818603543,22-07-2022 00:00,JDX,0FTEGN1MA,null,null,09-11-2022 11:00,12-11-2022 00:00,1,null,USTIW,CNNGB,KRPUS,KRESG,22-5506,null,480411,"Unbleached kraftliner, uncoate","Unbleached kraftliner, uncoated, in rolls of a wid",N,N,40HC,1,2,1,1,310244,INTERNATIONAL PAPER CO,INTERNATIONAL PAPER CO,null,JOSEPHD@MALLORYGROUP.COM,JOHN LAIRD,USSAR
NAM5547229,00ND - BOOKED - NO DOCS,PR,null,null,25-07-2022 17:35,JDX,0FTEGN1MA,null,null,09-11-2022 11:00,12-11-2022 00:00,1,null,USTIW,null,TWKHH,TWTXG,22-5054,null,441241,Laminated veneered lumber (LVL,LUMBER,N,N,40HC,1,2,0,0,2944165,NORTHWEST HARDWOOD INC,NORTHWEST HARDWOOD INC,null,COREY.MELIN@NWHARDWOODS.COM,HERMAN GAN,USWCR
NAM5548040,NBND - NVR Booked -No Docs,RP,null,null,27-07-2022 00:00,JDX,0FTEGN1MA,USPDXDNWC,09-11-2022 22:09,09-11-2022 11:00,12-11-2022 00:00,1,USPDX,USTIW,CNNGB,IDJKT,null,22-5087,null,760200,"Waste and scrap, of aluminium",METAL SCRAP,N,N,40HC,10,20,0,0,3999667,DAIKI INTERNATIONAL TRADING CORP,DAIKI INTERNATIONAL TRADING CORP,null,CELEGINO@SUMITOMO-WH.COM,BONNIE FITTS,USWCR
NAM5567602,00ND - BOOKED - NO DOCS,RP,null,null,02-08-2022 17:23,JDX,0FTEGN1MA,USPDXDNWC,09-11-2022 22:10,09-11-2022 11:00,12-11-2022 00:00,1,USPDX,USTIW,CNNGB,THLCH,null,null,TA_COMMODITY20,740400,"Waste and scrap, of copper (ex",METAL SCRAP,N,N,40ST,5,10,0,0,20720,GENERAL LOGISTICS INTERNATIONAL,GENERAL LOGISTICS INTERNATIONAL,null,BOOKINGS@GENERALLOGISTICS.NET,JOHN MAHAFFEY,USTRD
NAM5613628,00ND - BOOKED - NO DOCS,PP,null,null,18-08-2022 00:00,JDX,0FTEGN1MA,null,null,09-11-2022 11:00,12-11-2022 00:00,1,null,USTIW,CNNGB,INNSA,null,22-0219,null,8419899585,"Industrial machinery, plant or","Industrial machinery, plant or",N,N,40HC,1,2,0,0,3176719,CAROTRANS INTERNATIONAL,CAROTRANS INTERNATIONAL,null,GIOVANNI.LEYVA@CAROTRANS.COM,RODERICK NOCHE,STRAT NVO
NAM5624905,00ND - BOOKED - NO DOCS,PP,null,null,22-08-2022 19:48,JDX,0FTEGN1MA,null,null,09-11-2022 11:00,12-11-2022 00:00,1,null,USTIW,CNNGB,MYPEN,null,22-5072,null,470710,Recovered waste and scrap pa,METAL SCRAP,N,N,40HC,15,30,0,0,247602,NEWPORT CH INTERNATIONAL LLC,NEWPORT CH INTERNATIONAL LLC,null,TPHAMBUI@NEWPORTCH.COM,JOHN MAHAFFEY,USTRD
NAM5634507,71CA - VIP - BOOKED NO DOC,PP,null,null,25-08-2022 18:03,JDX,0FTEGN1MA,null,null,09-11-2022 11:00,12-11-2022 00:00,1,null,USTIW,CNSHK,PHMNL,null,22-5078,null,481151,"Paper and paperboard, surface","Paper and paperboard,",N,N,40HC,2,4,0,0,143824,SUNSET TRADING,SUNSET TRADING,null,GRIFFIN.SCHULTZ@CELLMARK.COM,YUBIN YIN,USTRD
NAM5634660,71CA - VIP - BOOKED NO DOC,PP,null,null,25-08-2022 21:06,JDX,0FTEGN1MA,null,null,09-11-2022 11:00,12-11-2022 00:00,1,null,USTIW,CNSHK,PHMNL,null,22-5078,null,481151,"Paper and paperboard, surface",Paper and paperboard,N,N,40HC,2,4,0,0,143824,SUNSET TRADING,SUNSET TRADING,null,GRIFFIN.SCHULTZ@CELLMARK.COM,YUBIN YIN,USTRD
NAM5634818,71CA - VIP - BOOKED NO DOC,PP,null,null,25-08-2022 21:18,JDX,0FTEGN1MA,null,null,09-11-2022 11:00,12-11-2022 00:00,1,null,USTIW,CNSHK,PHMNL,null,22-5078,null,481151,"Paper and paperboard, surface","Paper and paperboard,",N,N,40HC,2,4,0,0,143824,SUNSET TRADING,SUNSET TRADING,null,GRIFFIN.SCHULTZ@CELLMARK.COM,YUBIN YIN,USTRD
NAM5644830,71CA - VIP - BOOKED NO DOC,PP,null,null,30-08-2022 00:00,JDX,0FTEGN1MA,null,null,09-11-2022 11:00,12-11-2022 00:00,1,null,USTIW,CNSHA,GBFXT,null,21-2020,null,250810,Bentonite,Bentonite,N,N,20ST,4,4,0,0,1576255,AMERICAN COLLOID,AMERICAN COLLOID,null,RKUHN@SENTEK-INTL.COM,CAROLYN WETZEL,USMWR
NAM5644837,71CA - VIP - BOOKED NO DOC,PP,null,null,30-08-2022 00:00,JDX,0FTEGN1MA,null,null,09-11-2022 11:00,12-11-2022 00:00,1,null,USTIW,CNSHA,GBFXT,null,21-2020,null,250810,Bentonite,Bentonite,N,N,20ST,4,4,0,0,1576255,AMERICAN COLLOID,AMERICAN COLLOID,null,RKUHN@SENTEK-INTL.COM,CAROLYN WETZEL,USMWR
NAM5648640,00ND - BOOKED - NO DOCS,PP,null,null,31-08-2022 16:00,JDX,0FTEGN1MA,null,null,09-11-2022 11:00,12-11-2022 00:00,1,null,USTIW,CNSHA,CNLYG,null,22-0219,null,80221,Fresh or dried hazelnuts or fi,A1 DFN Fresh or dried hazelnuts or filberts,N,N,40HC,5,10,0,0,3390752,MAINFREIGHT INC,MAINFREIGHT INC,null,NICK.BARRA@MAINFREIGHTUSA.COM,RODERICK NOCHE,STRAT NVO
NAM5649661,NBND - NVR Booked -No Docs,PP,null,null,31-08-2022 00:00,JDX,0FTEGN1MA,null,null,09-11-2022 11:00,12-11-2022 00:00,1,null,USTIW,TWKHH,CNTXG,null,22-2073,null,121490,"Swedes, mangolds, fodder roots",null,N,N,40HC,10,20,0,0,4334523,STANDLEE TRADING COMPANY LLC,STANDLEE TRADING COMPANY LLC,"KIMBERLY, ID",SSWIFT@STANDLEEFORAGE.COM,JIMMY CHEN,USWCR
NAM5650048,NBND - NVR Booked -No Docs,PP,null,null,01-09-2022 02:49,JDX,0FTEGN1MA,null,null,09-11-2022 11:00,12-11-2022 00:00,1,null,USTIW,CNNGB,KRICH,null,22-0786,null,381800,Chemical elements and compound,CHEMICAL ELEMENTS,N,N,40HC,2,4,0,0,411288,KINTETSU WORLD EXPRESS,KINTETSU WORLD EXPRESS,null,MARIELA.ROMERO@KWE.COM,RODERICK NOCHE,STRAT NVO
NAM5655154,00ND - BOOKED - NO DOCS,PP,null,null,02-09-2022 15:29,JDX,0FTEGN1MA,null,null,09-11-2022 11:00,12-11-2022 00:00,1,null,USTIW,CNNGB,INNSA,null,22-0219,null,980000,Personal and household effects,CONSOL CARGO,N,N,20ST,1,1,0,0,18552,CAROTRANS INTERNATIONAL INC,CAROTRANS INTERNATIONAL INC,null,ANTANINAI@CAROTRANS.COM,JAMES YURKO,STRAT NVO
NAM5655425,00AB - VIP- INCOMPLETE SI,PR,X20221004197905,X20221004197905,02-09-2022 00:00,JDX,0FTEGN1MA,null,null,09-11-2022 11:00,12-11-2022 00:00,1,null,USTIW,CNNGB,KRPUS,KRESG,22-5506,null,480411,"Unbleached kraftliner, uncoate",Containerboard  not waste or scrap,N,N,40HC,2,4,2,0,310244,INTERNATIONAL PAPER CO,INTERNATIONAL PAPER CO,null,JOSEPHD@MALLORYGROUP.COM,JOHN LAIRD,USSAR
NAM5655585,00ND - BOOKED - NO DOCS,PP,null,null,02-09-2022 00:00,JDX,0FTEGN1MA,null,null,09-11-2022 11:00,12-11-2022 00:00,1,null,USTIW,CNNGB,INCCU,null,null,TA_COMMODITY20,720450,Remelting scrap ingots of iron,METAL SCRAP,N,N,20ST,1,1,0,0,2536594,SEAGULL MARITIME AGENCIES LTD,SEAGULL MARITIME AGENCIES LTD,"MORRISTOWN, IN",MONIKA.AGGARWAL@SEAGULL-GLOBAL.COM,JOHN MAHAFFEY,USTRD
NAM5659526,71CA - VIP - BOOKED NO DOC,PP,null,null,06-09-2022 16:56,JDX,0FTEGN1MA,null,null,09-11-2022 11:00,12-11-2022 00:00,1,null,USTIW,CNNGB,PKKHI,null,null,QNAM053347,481910,"Cartons, boxes and cases, of c",Spacekraft,N,N,40HC,2,4,1,0,310244,INTERNATIONAL PAPER CO,INTERNATIONAL PAPER CO,null,KCUNNINGHAM@PAGE-INT.COM,JOHN LAIRD,USSAR
NAM5660680,71CA - VIP - BOOKED NO DOC,PP,null,null,06-09-2022 16:56,JDX,0FTEGN1MA,null,null,09-11-2022 11:00,12-11-2022 00:00,1,null,USTIW,CNNGB,PKKHI,null,null,QNAM053347,481910,"Cartons, boxes and cases, of c",Spacekraft,N,N,40HC,1,2,0,0,310244,INTERNATIONAL PAPER CO,INTERNATIONAL PAPER CO,null,KCUNNINGHAM@PAGE-INT.COM,JOHN LAIRD,USSAR
NAM5663610,71CA - VIP - BOOKED NO DOC,PD,null,null,28-09-2022 00:00,JDX,0FTEGN1MA,null,null,09-11-2022 11:00,12-11-2022 00:00,1,null,USTIW,CNNGB,KRPUS,KRESG,22-5506,null,480411,"Unbleached kraftliner, uncoate","Unbleached Kraftliner, Uncoate",N,N,40HC,1,2,1,1,310244,INTERNATIONAL PAPER CO,INTERNATIONAL PAPER CO,"MEMPHIS, TN",JOSEPHD@MALLORYGROUP.COM,JOHN LAIRD,USSAR
NAM5664907A,00AA - INCOMPLETE SI,RP,X20221102897408,X20221102897408,01-11-2022 00:00,JDX,0FTEGN1MA,USCHIRLPC,29-10-2022 23:00,03-11-2022 10:00,07-11-2022 14:00,1,USCHI,USLAX,null,TWKHH,null,22-1914,null,120190,"Other Soya beans, whether or n",Soybeans,N,N,40HC,8,16,8,0,1656696,CONSOLIDATED GRAIN & BARGE CO,CONSOLIDATED GRAIN & BARGE CO,null,CONTAINERLOGISTICSGROUP@CGB.COM,KRISTIN REDMOND,USMWR
NAM5665044,71CA - VIP - BOOKED NO DOC,PD,null,null,07-09-2022 00:00,JDX,0FTEGN1MA,null,null,09-11-2022 11:00,12-11-2022 00:00,1,null,USTIW,CNNGB,KRPUS,KRESG,22-5506,null,480411,"Unbleached kraftliner, uncoate","Unbleached Kraftliner, Uncoate",N,N,40HC,4,8,2,0,3273748,MALLORY ALEXANDER INTL LOGISTICS,MALLORY ALEXANDER INTL LOGISTICS,null,JOSEPHD@MALLORYGROUP.COM,JOHN LAIRD,USSAR
NAM5676260,00ND - BOOKED - NO DOCS,RP,null,null,12-09-2022 00:00,JDX,0FTEGN1MA,USPDXDNWC,05-11-2022 16:00,09-11-2022 11:00,12-11-2022 00:00,1,USPDX,USTIW,CNNGB,MYPKG,null,null,TA_COMMODITY20,760200,"Waste and scrap, of aluminium","Waste and scrap, of aluminium",N,N,40ST,6,12,6,0,452041,GREAT CHEER AMERICA INC,GREAT CHEER AMERICA INC,"LAKE OSWEGO, OR",BOOKINGS@GREATCHEER.NET,JOHN MAHAFFEY,USTRD
NAM5681585,00ND - BOOKED - NO DOCS,PP,null,null,14-09-2022 00:00,JDX,0FTEGN1MA,null,null,09-11-2022 11:00,12-11-2022 00:00,1,null,USTIW,CNSHA,CNLYG,null,22-0219,null,80221,Fresh or dried hazelnuts or fi,A1 DFN dried hazelnuts,N,N,40HC,5,10,2,0,3390752,MAINFREIGHT INC,MAINFREIGHT INC,null,NICK.BARRA@MAINFREIGHTUSA.COM,RODERICK NOCHE,STRAT NVO
NAM5682954,00ND - BOOKED - NO DOCS,PP,null,null,15-09-2022 11:32,JDX,0FTEGN1MA,null,null,09-11-2022 11:00,12-11-2022 00:00,1,null,USTIW,CNSHK,CNNSA,null,22-3091,null,880730,"Other parts of aeroplanes, hel","Other Parts Of Aeroplanes, Hel  880730 FAK",N,N,40HC,4,8,0,0,2581610,FEDEX TRADE NETWORKS,FEDEX TRADE NETWORKS,null,SEA_OET_CUSTSUPPORT@FEDEX.COM,MIRIAM MONTIEL,STRAT NVO
NAM5684878,00ND - BOOKED - NO DOCS,PR,null,null,14-09-2022 00:00,JDX,0FTEGN1MA,null,null,09-11-2022 11:00,12-11-2022 00:00,1,null,USTIW,null,TWKHH,TWKEL,21-2691,null,281810,"Corundum, artificial, whether",FAKCORUNDUM,N,N,40ST,1,2,0,0,41707,OEC SHIPPING LOS ANGELES INC,OEC SHIPPING LOS ANGELES INC,"CERRITOS, CA",CAROL.LAX@OECGROUP.COM,JOHNNY RAMOS,STRAT NVO
NAM5685960,00ND - BOOKED - NO DOCS,PP,null,null,15-09-2022 14:38,JDX,0FTEGN1MA,null,null,09-11-2022 11:00,12-11-2022 00:00,1,null,USTIW,null,CNSHA,null,22-1019,null,950699,Articles and equipment for spo,FAK  Articles and equipment for sport,N,N,40HC,2,4,0,0,773271,DSV AIR & SEA INC,DSV AIR & SEA INC,null,GRECIA.ABREU@DSV.COM,JAMES YURKO,STRAT NVO
NAM5698491,00ND - BOOKED - NO DOCS,PP,null,null,20-09-2022 16:05,JDX,0FTEGN1MA,null,null,09-11-2022 11:00,12-11-2022 00:00,1,null,USTIW,CNNGB,MYPKG,null,22-1542,null,760120,Unwrought aluminium alloys,Unwrought aluminium alloys,N,N,40HC,5,10,0,0,4118793,IDEL TRADING INC,IDEL TRADING INC,null,IDELINCNYC@GMAIL.COM,CHRISTOPHER FLETCHER,USNER
NAM5699014,NBND - NVR Booked -No Docs,PP,null,null,20-09-2022 17:04,JDX,0FTEGN1MA,null,null,09-11-2022 11:00,12-11-2022 00:00,1,null,USTIW,TWKHH,CNTXG,null,22-0724,null,80221,Fresh or dried hazelnuts or fi,DFN  Dried fruits and nuts,N,N,40HC,1,2,0,0,41663,ACES DIVISION OF KUEHNE + NAGEL INC,ACES DIVISION OF KUEHNE + NAGEL INC,null,THOMAS.DACEY@KUEHNE-NAGEL.COM,JAMES YURKO,STRAT NVO
NAM5700111,00ND - BOOKED - NO DOCS,PP,null,null,21-09-2022 08:01,JDX,0FTEGN1MA,null,null,09-11-2022 11:00,12-11-2022 00:00,1,null,USTIW,TWKHH,CNTXG,null,22-2073,null,121490,"Swedes, mangolds, fodder roots",HAY,N,N,40HC,10,20,0,0,4362861,STANDLEE TRADING COMPANY LLC,STANDLEE TRADING COMPANY LLC,null,JCOATS@STANDLEEFORAGE.COM,JIMMY CHEN,USWCR
NAM5701942,NBND - NVR Booked -No Docs,PP,null,null,21-09-2022 15:26,JDX,0FTEGN1MA,null,null,09-11-2022 11:00,12-11-2022 00:00,1,null,USTIW,null,CNNGB,null,null,QNAM064483,740400,"Waste and scrap, of copper (ex","Waste and scrap, of copper (ex",N,N,20ST,1,1,0,0,1264488,GREENLAND AMERICA INC,GREENLAND AMERICA INC,null,BOOKINGS@GREENLANDAMERICA.COM,JOHN MAHAFFEY,USTRD
NAM5702321,00ND - BOOKED - NO DOCS,PP,null,null,21-09-2022 15:59,JDX,0FTEGN1MA,null,null,09-11-2022 11:00,12-11-2022 00:00,1,null,USTIW,CNNGB,MYPKG,null,22-1542,null,760120,Unwrought aluminium alloys,Unwrought aluminium alloys,N,N,40HC,5,10,0,0,4118793,IDEL TRADING INC,IDEL TRADING INC,null,IDELINCNYC@GMAIL.COM,CHRISTOPHER FLETCHER,USNER
NAM5703063,00ND - BOOKED - NO DOCS,PR,null,null,21-09-2022 18:31,JDX,0FTEGN1MA,null,null,09-11-2022 11:00,12-11-2022 00:00,1,null,USTIW,CNNGB,INMUN,INDA1,null,TA_COMMODITY20,720449,Waste and scrap of iron or ste,METAL SCRAP,N,N,20ST,1,1,0,0,2649472,EAGLE TRANS SHIPPING & LOGISTICS,EAGLE TRANS SHIPPING & LOGISTICS,null,ZULFEQUAR.AHMED@EAGLETRANSUSA.COM,MICHAEL ZYNCZENKO,USNER
NAM5705062,1NVR - NVR - VIP - BOOKED NO DOCS,PP,null,null,22-09-2022 19:15,JDX,0FTEGN1MA,null,null,09-11-2022 11:00,12-11-2022 00:00,1,null,USTIW,CNNGB,VNHPH,null,22-5506,null,480411,"Unbleached kraftliner, uncoate","Unbleached Kraftliner, Uncoate",N,N,40HC,1,2,1,0,3273748,MALLORY ALEXANDER INTL LOGISTICS,MALLORY ALEXANDER INTL LOGISTICS,null,JOSEPHD@MALLORYGROUP.COM,JOHN LAIRD,USSAR
NAM5705201,71CA - VIP - BOOKED NO DOC,PD,null,null,22-09-2022 17:08,JDX,0FTEGN1MA,null,null,09-11-2022 11:00,12-11-2022 00:00,1,null,USTIW,CNNGB,KRPUS,KRHAN,22-5506,null,480411,"Unbleached kraftliner, uncoate",KRAFT LINER BOARD,N,N,40HC,2,4,2,0,3273748,MALLORY ALEXANDER INTL LOGISTICS,MALLORY ALEXANDER INTL LOGISTICS,null,JOSEPHD@MALLORYGROUP.COM,JOHN LAIRD,USSAR
NAM5706654,00ND - BOOKED - NO DOCS,PP,null,null,22-09-2022 20:14,JDX,0FTEGN1MA,null,null,09-11-2022 11:00,12-11-2022 00:00,1,null,USTIW,TWKHH,CNTXG,null,22-2073,null,121490,"Swedes, mangolds, fodder roots",HAY COMMODITY,N,N,40HC,10,20,0,0,4362861,STANDLEE TRADING COMPANY LLC,STANDLEE TRADING COMPANY LLC,null,SSWIFT@STANDLEEFORAGE.COM,JIMMY CHEN,USWCR
NAM5706879,1NVR - NVR - VIP - BOOKED NO DOCS,PP,null,null,22-09-2022 19:23,JDX,0FTEGN1MA,null,null,09-11-2022 11:00,12-11-2022 00:00,1,null,USTIW,CNNGB,VNHPH,null,22-5506,null,480411,"Unbleached kraftliner, uncoate","Unbleached Kraftliner, Uncoate",N,N,40HC,1,2,1,0,3273748,MALLORY ALEXANDER INTL LOGISTICS,MALLORY ALEXANDER INTL LOGISTICS,null,JOSEPHD@MALLORYGROUP.COM,JOHN LAIRD,USSAR
NAM5707594,00ND - BOOKED - NO DOCS,RP,null,null,23-09-2022 00:00,JDX,0FTEGN1MA,USPDXDNWC,05-11-2022 16:00,09-11-2022 11:00,12-11-2022 00:00,1,USPDX,USTIW,CNNGB,MYPGU,null,22-5105,null,760200,"Waste and scrap, of aluminium",METAL SCRAP,N,N,40HC,5,10,0,0,1580916,AMERICA METAL EXPORT INC,AMERICA METAL EXPORT INC,null,BOOKING@AMETALEXPORT.COM,BONNIE FITTS,USWCR
NAM5708154,71CA - VIP - BOOKED NO DOC,PP,null,null,23-09-2022 00:00,JDX,0FTEGN1MA,null,null,09-11-2022 11:00,12-11-2022 00:00,1,null,USTIW,null,CNSHA,null,20-0350,null,210690,"Food preparations, n.e.s.","Food Preparations, N.E.S.",N,N,40HC,1,2,0,0,4431595,STEAM LOGISTICS,STEAM LOGISTICS,null,NESTLE@STEAMLOGISTICS.COM,CAROLYN WETZEL,USMWR
NAM5714869,00ND - BOOKED - NO DOCS,RP,null,null,27-09-2022 15:34,JDX,0FTEGN1MA,USPDXDNWC,05-11-2022 16:00,09-11-2022 11:00,12-11-2022 00:00,1,USPDX,USTIW,CNNGB,THLCH,null,null,TA_COMMODITY20,720410,"Waste and scrap, of cast iron"," COMMODITY Waste And Scrap, Of Cast Iron",N,N,40HC,1,2,0,0,5265735,EDI-EVERGREEN TACOMA TERMINAL,EDI-EVERGREEN TACOMA TERMINAL,"TACOMA, WA",BOOKING@OCEANLINEUS.COM,US UNASSIGNED,USUKN
NAM5716674,00ND - BOOKED - NO DOCS,PP,null,null,27-09-2022 16:37,JDX,0FTEGN1MA,null,null,09-11-2022 11:00,12-11-2022 00:00,1,null,USTIW,CNSHK,MYPKG,null,22-1542,null,760120,Unwrought aluminium alloys,Unwrought Aluminium Alloys  760120,N,N,40HC,5,10,0,0,4118793,IDEL TRADING INC,IDEL TRADING INC,null,IDELINCNYC@GMAIL.COM,CHRISTOPHER FLETCHER,USNER
NAM5716924,00ND - BOOKED - NO DOCS,PP,null,null,04-10-2022 18:12,JDX,0FTEGN1MA,null,null,09-11-2022 11:00,12-11-2022 00:00,1,null,USTIW,CNNGB,IDJKT,null,null,TA_COMMODITY20,470710,Recovered waste and scrap pa,WASTE PAPER,N,N,40HC,11,22,2,0,7162193,BSR INTERNATIONAL LOGISTICS INC,BSR INTERNATIONAL LOGISTICS INC,null,OP@BSRLOGIS.COM,null,null
NAM5717071,NBND - NVR Booked -No Docs,PD,null,null,27-09-2022 18:43,JDX,0FTEGN1MA,null,null,09-11-2022 11:00,12-11-2022 00:00,1,null,USTIW,CNNGB,THLCH,THBKK,21-5056,null,470710,Recovered waste and scrap pa,WASTE PAPER,N,N,40HC,10,20,0,0,1500704,WM RECYCLE AMERICA LLC,WM RECYCLE AMERICA LLC,null,WM@XPORTFORWARDING.COM,CAROLYN WETZEL,USMWR
NAM5717884,00ND - BOOKED - NO DOCS,PP,null,null,27-09-2022 00:00,JDX,0FTEGN1MA,null,null,09-11-2022 11:00,12-11-2022 00:00,1,null,USTIW,CNSHK,MYPKG,null,22-1542,null,760120,Unwrought aluminium alloys,Unwrought aluminium alloys,N,N,40HC,8,16,0,0,4118793,IDEL TRADING INC,IDEL TRADING INC,"BROOKLYN, NY",IDELINCNYC@GMAIL.COM,CHRISTOPHER FLETCHER,USNER
NAM5718468,00ND - BOOKED - NO DOCS,PP,null,null,27-09-2022 19:24,JDX,0FTEGN1MA,null,null,09-11-2022 11:00,12-11-2022 00:00,1,null,USTIW,CNNGB,IDJKT,null,22-2887,null,481031,"Kraft paper and paperboard, bl",KRAFT PAPER AND PAPER BOARD,N,N,40HC,3,6,0,0,2069883,ITOCHU INTERNATIONAL INC,ITOCHU INTERNATIONAL INC,null,SEUNGJU.LEE@ITOCHU.COM,BARBARA DUBBS,USWCR
NAM5718586,00ND - BOOKED - NO DOCS,PP,null,null,27-09-2022 20:19,JDX,0FTEGN1MA,null,null,09-11-2022 11:00,12-11-2022 00:00,1,null,USTIW,CNSHA,CNLYG,null,22-0219,null,80221,Fresh or dried hazelnuts or fi,DFNFRESH OR DRIED HAZELNUTS,N,N,40HC,5,10,0,0,3390752,MAINFREIGHT INC,MAINFREIGHT INC,null,NICK.BARRA@MAINFREIGHTUSA.COM,RODERICK NOCHE,STRAT NVO
NAM5718824,00ND - BOOKED - NO DOCS,PP,null,null,27-09-2022 21:13,JDX,0FTEGN1MA,null,null,09-11-2022 11:00,12-11-2022 00:00,1,null,USTIW,CNSHA,CNLYG,null,22-0219,null,80221,Fresh or dried hazelnuts or fi,DFN FRESH OR DRIED HAZELNUTS OF FI,N,N,40HC,5,10,0,0,3390752,MAINFREIGHT INC,MAINFREIGHT INC,null,NICK.BARRA@MAINFREIGHTUSA.COM,RODERICK NOCHE,STRAT NVO
NAM5723576,71CA - VIP - BOOKED NO DOC,PP,null,null,28-09-2022 00:00,JDX,0FTEGN1MA,null,null,09-11-2022 11:00,12-11-2022 00:00,1,null,USTIW,CNNGB,INNSA,null,22-5078,null,480419,"Kraftliner, uncoated, in rolls","Kraftliner, uncoated, in rolls",N,N,40HC,1,2,1,0,3697089,SUNSET TRADING,SUNSET TRADING,"VANCOUVER, WA",MARK@NEWAYFORWARDING.COM,YUBIN YIN,USTRD
NAM5726617,00ND - BOOKED - NO DOCS,PP,null,null,06-10-2022 16:02,JDX,0FTEGN1MA,null,null,09-11-2022 11:00,12-11-2022 00:00,1,null,USTIW,CNNGB,IDJKT,null,null,TA_COMMODITY20,470710,Recovered waste and scrap pa,WASTEPAPER,N,N,40HC,11,22,0,0,7162193,BSR INTERNATIONAL LOGISTICS INC,BSR INTERNATIONAL LOGISTICS INC,null,OP@BSRLOGIS.COM,null,null
NAM5727158,1NVR - NVR - VIP - BOOKED NO DOCS,PP,null,null,04-10-2022 12:19,JDX,0FTEGN1MA,null,null,09-11-2022 11:00,12-11-2022 00:00,1,null,USTIW,CNNGB,THLCH,null,22-5080,null,470710,Recovered waste and scrap pa,WASTEPAPER,N,N,40HC,10,20,0,0,21048,GP HARMON RECYCLING LLC,GP HARMON RECYCLING LLC,null,ALAN.GRIMAN1@GAPAC.COM,DENEEN GRAINGER,USSAR
NAM5729189,00ND - BOOKED - NO DOCS,PP,null,null,30-09-2022 21:52,JDX,0FTEGN1MA,null,null,09-11-2022 11:00,12-11-2022 00:00,1,null,USTIW,CNNGB,MYPGU,null,22-5105,null,760200,"Waste and scrap, of aluminium","Waste and scrap, of aluminium (excl. slags, scale",N,N,40HC,1,2,0,0,1580916,AMERICA METAL EXPORT INC,AMERICA METAL EXPORT INC,null,BOOKING@AMETALEXPORT.COM,BONNIE FITTS,USWCR
NAM5730057,71CA - VIP - BOOKED NO DOC,PR,null,null,30-09-2022 21:11,JDX,0FTEGN1MA,null,null,09-11-2022 11:00,12-11-2022 00:00,1,null,USTIW,null,TWKHH,TWTXG,22-5078,null,480258,"Uncoated paper and paperboard,","Uncoated paper and paperboard,",N,N,40HC,4,8,0,0,143824,SUNSET TRADING,SUNSET TRADING,null,GRIFFIN.SCHULTZ@CELLMARK.COM,YUBIN YIN,USTRD
NAM5734397,1NVR - NVR - VIP - BOOKED NO DOCS,PD,null,null,03-10-2022 17:49,JDX,0FTEGN1MA,null,null,09-11-2022 11:00,12-11-2022 00:00,1,null,USTIW,CNNGB,KRPUS,KRPTK,22-5506,null,480411,"Unbleached kraftliner, uncoate","Unbleached Kraftliner, Uncoate",N,N,40HC,2,4,0,0,310244,INTERNATIONAL PAPER CO,INTERNATIONAL PAPER CO,null,JOSEPHD@MALLORYGROUP.COM,JOHN LAIRD,USSAR
NAM5734919,00ND - BOOKED - NO DOCS,PP,null,null,03-10-2022 00:00,JDX,0FTEGN1MA,null,null,09-11-2022 11:00,12-11-2022 00:00,1,null,USTIW,CNNGB,SGSIN,null,22-5044,null,470200,"Chemical wood pulp, dissolving","Chemical wood pulp, dissolving grades",N,N,40HC,40,80,0,0,38738,CENTRAL NATIONAL GOTTESMAN INC,CENTRAL NATIONAL GOTTESMAN INC,null,LOGISTICS@CNG-INC.COM,GEORGIA ALBANIDES,USNER
NAM5735719,00ND - BOOKED - NO DOCS,PR,null,null,03-10-2022 22:20,JDX,0FTEGN1MA,null,null,09-11-2022 11:00,12-11-2022 00:00,1,null,USTIW,CNNGB,VNVUT,VNSGN,22-5029,null,440791,Oak (Quercus spp.) sawn or chi,WOOD,N,N,40HC,1,2,0,0,3571167,ALLY GLOBAL LOGISTICS LLC,ALLY GLOBAL LOGISTICS LLC,null,BRUTHERFORD@ALLYGLOBALLOGISTICS.COM,JOHN MAJCHROWICZ,USNER
NAM5738569,00ND - BOOKED - NO DOCS,PP,null,null,07-10-2022 15:19,JDX,0FTEGN1MA,null,null,09-11-2022 11:00,12-11-2022 00:00,1,null,USTIW,CNNGB,MYPKG,null,null,TA_COMMODITY20,760200,"Waste and scrap, of aluminium","Waste and scrap, of aluminium",N,N,40HC,4,8,0,0,452041,GREAT CHEER AMERICA INC,GREAT CHEER AMERICA INC,null,BOOKINGS@GREATCHEER.NET,JOHN MAHAFFEY,USTRD
NAM5738590,00ND - BOOKED - NO DOCS,PP,null,null,04-10-2022 00:00,JDX,0FTEGN1MA,null,null,09-11-2022 11:00,12-11-2022 00:00,1,null,USTIW,CNNGB,MYPKG,null,null,TA_COMMODITY20,760200,"Waste and scrap, of aluminium",METAL SCRAP,N,N,40HC,5,10,0,0,452041,GREAT CHEER AMERICA INC,GREAT CHEER AMERICA INC,"LAKE OSWEGO, OR",BOOKINGS@GREATCHEER.NET,JOHN MAHAFFEY,USTRD
NAM5739409,00AA - INCOMPLETE SI,RP,X20221102914487,X20221102914487,04-10-2022 00:00,JDX,0FTEGN1MA,USCHIRLPC,01-11-2022 18:00,09-11-2022 11:00,12-11-2022 00:00,1,USCHI,USTIW,TWKHH,TWTXG,null,null,QNAM063633,120190,"Other Soya beans, whether or n",SOYBEANS,N,N,40HC,40,80,3,0,1656696,CONSOLIDATED GRAIN & BARGE CO,CONSOLIDATED GRAIN & BARGE CO,null,CONTAINERLOGISTICSGROUP@CGB.COM,KRISTIN REDMOND,USMWR
NAM5739575,71CA - VIP - BOOKED NO DOC,PR,null,null,04-10-2022 20:50,JDX,0FTEGN1MA,null,null,09-11-2022 11:00,12-11-2022 00:00,1,null,USTIW,CNNGB,THLCH,THLKR,22-5004,null,480421,"Unbleached sack kraft paper, u","Unbleached Sack Kraft Paper, U",N,N,40HC,12,24,7,0,1623578,TREALMONT CHARTERING INC,TREALMONT CHARTERING INC,null,CELLMARKDOCS@TREALMONT.COM,YUBIN YIN,USTRD
NAM5740353,00ND - BOOKED - NO DOCS,PP,null,null,04-10-2022 21:57,JDX,0FTEGN1MA,null,null,09-11-2022 11:00,12-11-2022 00:00,1,null,USTIW,CNNGB,MYPKG,null,22-3618,null,390311,"Expansible polystyrene, in pri",EXPANSIBLE POLYSTYRENE,N,N,40HC,2,4,0,0,5064849,PRO FORWARDING INTERNATIONAL,PRO FORWARDING INTERNATIONAL,null,JESSICAL@PROFORWARDINGINTL.COM,ANDY CHAO,USWCR
NAM5740424,00ND - BOOKED - NO DOCS,PP,null,null,04-10-2022 23:28,JDX,0FTEGN1MA,null,null,09-11-2022 11:00,12-11-2022 00:00,1,null,USTIW,CNNGB,SGSIN,null,22-0786,null,381800,Chemical elements and compound,FAKCHEMICAL ELEMENTS AND COMPOUNDS,N,N,40HC,1,2,0,0,411288,KINTETSU WORLD EXPRESS,KINTETSU WORLD EXPRESS,null,MARIELA.ROMERO@KWE.COM,RODERICK NOCHE,STRAT NVO
NAM5740424,00ND - BOOKED - NO DOCS,PP,null,null,04-10-2022 23:28,JDX,0FTEGN1MA,null,null,09-11-2022 11:00,12-11-2022 00:00,1,null,USTIW,CNNGB,SGSIN,null,22-0786,null,381800,Chemical elements and compound,FAKCHEMICAL ELEMENTS AND COMPOUND,N,N,20ST,1,1,0,0,411288,KINTETSU WORLD EXPRESS,KINTETSU WORLD EXPRESS,null,MARIELA.ROMERO@KWE.COM,RODERICK NOCHE,STRAT NVO
NAM5740558,00ND - BOOKED - NO DOCS,PP,null,null,05-10-2022 08:07,JDX,0FTEGN1MA,null,null,09-11-2022 11:00,12-11-2022 00:00,1,null,USTIW,null,CNSHA,null,22-0786,null,381800,Chemical elements and compound, CHEMICAL ELEMENTS AND COMPOUND,N,N,40HC,2,4,0,0,411288,KINTETSU WORLD EXPRESS,KINTETSU WORLD EXPRESS,null,MARIELA.ROMERO@KWE.COM,RODERICK NOCHE,STRAT NVO
NAM5740670,00ND - BOOKED - NO DOCS,PP,null,null,05-10-2022 08:13,JDX,0FTEGN1MA,null,null,09-11-2022 11:00,12-11-2022 00:00,1,null,USTIW,null,CNSHA,null,22-0786,null,381800,Chemical elements and compound,CHEMICAL ELEMENTS AND COMPOUND,N,N,40HC,2,4,0,0,411288,KINTETSU WORLD EXPRESS,KINTETSU WORLD EXPRESS,null,MARIELA.ROMERO@KWE.COM,RODERICK NOCHE,STRAT NVO
NAM5740724,00ND - BOOKED - NO DOCS,PP,null,null,04-10-2022 23:36,JDX,0FTEGN1MA,null,null,09-11-2022 11:00,12-11-2022 00:00,1,null,USTIW,CNNGB,SGSIN,null,22-0786,null,381800,Chemical elements and compound,FAKCHEMICAL ELEMENTS AND COMPOUND,N,N,40HC,2,4,0,0,411288,KINTETSU WORLD EXPRESS,KINTETSU WORLD EXPRESS,null,MARIELA.ROMERO@KWE.COM,RODERICK NOCHE,STRAT NVO
NAM5740726,00ND - BOOKED - NO DOCS,PP,null,null,04-10-2022 23:34,JDX,0FTEGN1MA,null,null,09-11-2022 11:00,12-11-2022 00:00,1,null,USTIW,CNNGB,SGSIN,null,22-0786,null,381800,Chemical elements and compound,FAKCHEMICAL ELEMENTS,N,N,40HC,1,2,0,0,411288,KINTETSU WORLD EXPRESS,KINTETSU WORLD EXPRESS,null,MARIELA.ROMERO@KWE.COM,RODERICK NOCHE,STRAT NVO
NAM5740726,00ND - BOOKED - NO DOCS,PP,null,null,04-10-2022 23:34,JDX,0FTEGN1MA,null,null,09-11-2022 11:00,12-11-2022 00:00,1,null,USTIW,CNNGB,SGSIN,null,22-0786,null,381800,Chemical elements and compound,FAK  CHEMICAL ELEMENTS,N,N,20ST,1,1,0,0,411288,KINTETSU WORLD EXPRESS,KINTETSU WORLD EXPRESS,null,MARIELA.ROMERO@KWE.COM,RODERICK NOCHE,STRAT NVO
NAM5740740,00ND - BOOKED - NO DOCS,PP,null,null,05-10-2022 08:12,JDX,0FTEGN1MA,null,null,09-11-2022 11:00,12-11-2022 00:00,1,null,USTIW,null,CNSHA,null,22-0786,null,381800,Chemical elements and compound,FAKChemical elements,N,N,40HC,2,4,0,0,411288,KINTETSU WORLD EXPRESS,KINTETSU WORLD EXPRESS,null,MARIELA.ROMERO@KWE.COM,RODERICK NOCHE,STRAT NVO
NAM5740748,00ND - BOOKED - NO DOCS,PP,null,null,05-10-2022 19:00,JDX,0FTEGN1MA,null,null,09-11-2022 11:00,12-11-2022 00:00,1,null,USTIW,null,CNSHA,null,22-0786,null,381800,Chemical elements and compound,FAK/Chemical elements and compounds doped for use,N,N,40HC,1,2,0,0,411288,KINTETSU WORLD EXPRESS,KINTETSU WORLD EXPRESS,null,MARIELA.ROMERO@KWE.COM,RODERICK NOCHE,STRAT NVO
NAM5740748,00ND - BOOKED - NO DOCS,PP,null,null,05-10-2022 19:00,JDX,0FTEGN1MA,null,null,09-11-2022 11:00,12-11-2022 00:00,1,null,USTIW,null,CNSHA,null,22-0786,null,381800,Chemical elements and compound,FAKChemical elements and compounds doped for use i,N,N,20ST,1,1,0,0,411288,KINTETSU WORLD EXPRESS,KINTETSU WORLD EXPRESS,null,MARIELA.ROMERO@KWE.COM,RODERICK NOCHE,STRAT NVO
NAM5740752,00ND - BOOKED - NO DOCS,PP,null,null,05-10-2022 08:19,JDX,0FTEGN1MA,null,null,09-11-2022 11:00,12-11-2022 00:00,1,null,USTIW,null,CNSHA,null,22-0786,null,381800,Chemical elements and compound,CHEMICAL ELEMENTS AND COMPOUND,N,N,40HC,2,4,0,0,411288,KINTETSU WORLD EXPRESS,KINTETSU WORLD EXPRESS,null,MARIELA.ROMERO@KWE.COM,RODERICK NOCHE,STRAT NVO
NAM5740755,00ND - BOOKED - NO DOCS,PP,null,null,05-10-2022 00:05,JDX,0FTEGN1MA,null,null,09-11-2022 11:00,12-11-2022 00:00,1,null,USTIW,null,CNSHA,null,22-0786,null,381800,Chemical elements and compound,FAK Chemical elements and compounds,N,N,40HC,2,4,0,0,411288,KINTETSU WORLD EXPRESS,KINTETSU WORLD EXPRESS,null,MARIELA.ROMERO@KWE.COM,RODERICK NOCHE,STRAT NVO
NAM5742154,00ND - BOOKED - NO DOCS,PP,null,null,05-10-2022 21:10,JDX,0FTEGN1MA,null,null,09-11-2022 11:00,12-11-2022 00:00,1,null,USTIW,null,TWKHH,null,22-0036,null,121490,"Swedes, mangolds, fodder roots",HAY,N,N,40HC,3,6,2,0,3678576,NISSIN INTL TRANSPORT USA INC,NISSIN INTL TRANSPORT USA INC,null,SEAOE@NITUSA.COM,CHERI SNIDER,USRFR
NAM5742726,NBND - NVR Booked -No Docs,PP,null,null,05-10-2022 00:00,JDX,0FTEGN1MA,null,null,09-11-2022 11:00,12-11-2022 00:00,1,null,USTIW,CNSHA,NLRTM,null,22-0001,null,120924,Seeds of forage plants : Kentu,Kentucky Blue Grass Seed Of A,N,N,40HC,1,2,0,0,3860910,GLOBERUNNERS INC,GLOBERUNNERS INC,"CARLSBAD, CA",SANDRA@GRUNNERS.COM,BARBARA DUBBS,USWCR
NAM5742769,71CA - VIP - BOOKED NO DOC,PP,null,null,05-10-2022 20:29,JDX,0FTEGN1MA,null,null,09-11-2022 11:00,12-11-2022 00:00,1,null,USTIW,CNNGB,IDJKT,null,22-5004,null,480421,"Unbleached sack kraft paper, u","Unbleached sack kraft paper, uncoated, in rolls of",N,N,40HC,8,16,0,0,1623578,TREALMONT CHARTERING INC,TREALMONT CHARTERING INC,null,CELLMARKDOCS@TREALMONT.COM,YUBIN YIN,USTRD
NAM5742779,00ND - BOOKED - NO DOCS,RP,null,null,05-10-2022 00:00,JDX,0FTEGN1MA,USPDXDNWC,05-11-2022 16:00,09-11-2022 11:00,12-11-2022 00:00,1,USPDX,USTIW,CNNGB,MYPKG,null,null,TA_COMMODITY20,760320,"Powders of aluminium, of lamel","Powders of aluminium, of lamel",N,N,40HC,3,6,2,0,2031459,BASELINE GLOBAL CORP,BASELINE GLOBAL CORP,null,INFO@BASELINEGLOBAL.NET,GEORGIA ALBANIDES,USNER
NAM5743451,1NVR - NVR - VIP - BOOKED NO DOCS,PD,null,null,05-10-2022 18:05,JDX,0FTEGN1MA,null,null,09-11-2022 11:00,12-11-2022 00:00,1,null,USTIW,CNNGB,KRPUS,KRPUS,22-5506,null,480411,"Unbleached kraftliner, uncoate",Containerboard  not waste or scrap,N,N,40HC,2,4,0,0,310244,INTERNATIONAL PAPER CO,INTERNATIONAL PAPER CO,null,JOSEPHD@MALLORYGROUP.COM,JOHN LAIRD,USSAR
NAM5743570,00ND - BOOKED - NO DOCS,PR,null,null,05-10-2022 21:14,JDX,0FTEGN1MA,null,null,09-11-2022 11:00,12-11-2022 00:00,1,null,USTIW,null,TWKHH,TWTXG,22-0036,null,121490,"Swedes, mangolds, fodder roots",HAY,N,N,40HC,5,10,5,1,3678576,NISSIN INTL TRANSPORT USA INC,NISSIN INTL TRANSPORT USA INC,null,SEAOE@NITUSA.COM,CHERI SNIDER,USRFR
NAM5743595,00ND - BOOKED - NO DOCS,PR,null,null,05-10-2022 00:00,JDX,0FTEGN1MA,null,null,09-11-2022 11:00,12-11-2022 00:00,1,null,USTIW,null,TWKHH,TWTYN,22-0036,null,121490,"Swedes, mangolds, fodder roots",HAY,N,N,40HC,5,10,0,0,3678576,NISSIN INTL TRANSPORT USA INC,NISSIN INTL TRANSPORT USA INC,null,SEAOE@NITUSA.COM,CHERI SNIDER,USRFR
NAM5743661, -,PD,null,null,05-10-2022 18:01,JDX,0FTEGN1MA,null,null,09-11-2022 11:00,12-11-2022 00:00,1,null,USTIW,CNNGB,KRPUS,KRESG,22-5506,null,480411,"Unbleached kraftliner, uncoate","Unbleached Kraftliner, Uncoate",N,N,40HC,1,2,0,0,2120374,EDI-MALLORY ALEXANDER INTL. LOG LLC,EDI-MALLORY ALEXANDER INTL. LOG LLC,null,JOSEPHD@MALLORYGROUP.COM,JOHN LAIRD,USSAR
NAM5743665,NBND - NVR Booked -No Docs,PP,null,null,05-10-2022 18:03,JDX,0FTEGN1MA,null,null,09-11-2022 11:00,12-11-2022 00:00,1,null,USTIW,CNSHA,NLRTM,null,22-0001,null,120924,Seeds of forage plants : Kentu,Seeds of forage plants : Kentucky blue grass (Poa,N,N,40HC,1,2,0,0,3860910,GLOBERUNNERS INC,GLOBERUNNERS INC,null,SANDRA@GRUNNERS.COM,BARBARA DUBBS,USWCR
NAM5743697,1NVR - NVR - VIP - BOOKED NO DOCS,PD,null,null,05-10-2022 18:14,JDX,0FTEGN1MA,null,null,09-11-2022 11:00,12-11-2022 00:00,1,null,USTIW,CNNGB,KRPUS,KRESG,22-5506,null,480411,"Unbleached kraftliner, uncoate",Containerboard  not waste or scrap,N,N,40HC,1,2,0,0,310244,INTERNATIONAL PAPER CO,INTERNATIONAL PAPER CO,null,JOSEPHD@MALLORYGROUP.COM,JOHN LAIRD,USSAR
NAM5745081,NBND - NVR Booked -No Docs,PP,null,null,05-10-2022 22:49,JDX,0FTEGN1MA,null,null,09-11-2022 11:00,12-11-2022 00:00,1,null,USTIW,CNNGB,KRPUS,null,22-0558,null,890200,Fishing vessels factory ships,Fishing vessels factory ships and other vessels f,N,N,40HC,1,2,0,0,4166385,MOL LOGISTICS USA INC,MOL LOGISTICS USA INC,null,SEA.EXPORT@MOL-LOGISTICS.COM,LINDA BERGSTROM,USMWR
NAM5749477,00ND - BOOKED - NO DOCS,PR,null,null,07-10-2022 01:25,JDX,0FTEGN1MA,null,null,09-11-2022 11:00,12-11-2022 00:00,1,null,USTIW,null,TWKHH,TWKEL,22-0786,null,381800,Chemical elements and compound,FAK CHEMICAL ELEMENTS AND COMPOUNDS,N,N,40HC,2,4,0,0,411288,KINTETSU WORLD EXPRESS,KINTETSU WORLD EXPRESS,null,MARIELA.ROMERO@KWE.COM,RODERICK NOCHE,STRAT NVO
NAM5749496,00ND - BOOKED - NO DOCS,RP,null,null,07-10-2022 13:39,JDX,0FTEGN1MA,USPDXDNWC,04-11-2022 16:00,09-11-2022 11:00,12-11-2022 00:00,1,USPDX,USTIW,CNNGB,THLCH,null,null,TA_COMMODITY20,760200,"Waste and scrap, of aluminium","Aluminum, Waste And Scrap  76020000",N,N,40HC,10,20,0,0,1807786,MGK INTERNATIONAL INC,MGK INTERNATIONAL INC,null,MNAVI@MGKINT.COM,GEORGIA ALBANIDES,USNER
NAM5755491,00ND - BOOKED - NO DOCS,PP,null,null,10-10-2022 12:30,JDX,0FTEGN1MA,null,null,09-11-2022 11:00,12-11-2022 00:00,1,null,USTIW,CNNGB,MYPKG,null,22-0341,null,390110,Polyethylene with a specific g,Polyethylene with a specific g,N,N,40HC,5,10,0,0,6803096,GREEN TRADING LLC,GREEN TRADING LLC,null,NLU@GREENTRADINGINTL.COM,DAWN JARKOW,USTRD
NAM5755492,00ND - BOOKED - NO DOCS,PP,null,null,10-10-2022 12:37,JDX,0FTEGN1MA,null,null,09-11-2022 11:00,12-11-2022 00:00,1,null,USTIW,CNNGB,MYPKG,null,22-0341,null,390110,Polyethylene with a specific g,Polyethylene with a specific g,N,N,40HC,5,10,0,0,6803096,GREEN TRADING LLC,GREEN TRADING LLC,null,NLU@GREENTRADINGINTL.COM,DAWN JARKOW,USTRD
NAM5755868,00ND - BOOKED - NO DOCS,PP,null,null,13-10-2022 00:00,JDX,0FTEGN1MA,null,null,09-11-2022 11:00,12-11-2022 00:00,1,null,USTIW,CNNGB,MYPGU,null,22-5105,null,760200,"Waste and scrap, of aluminium",metal scrap,N,N,40HC,1,2,0,0,1580916,AMERICA METAL EXPORT INC,AMERICA METAL EXPORT INC,null,BOOKING@AMETALEXPORT.COM,BONNIE FITTS,USWCR
NAM5757024,NBND - NVR Booked -No Docs,PR,null,null,10-10-2022 19:28,JDX,0FTEGN1MA,null,null,09-11-2022 11:00,12-11-2022 00:00,1,null,USTIW,CNNGB,VNVUT,VNSGN,22-5029,null,440791,Oak (Quercus spp.) sawn or chi,WOOD SAWN,N,N,40HC,1,2,0,0,3571167,ALLY GLOBAL LOGISTICS LLC,ALLY GLOBAL LOGISTICS LLC,null,BRUTHERFORD@ALLYGLOBALLOGISTICS.COM,JOHN MAJCHROWICZ,USNER
NAM5757520,00ND - BOOKED - NO DOCS,PP,null,null,10-10-2022 22:41,JDX,0FTEGN1MA,null,null,09-11-2022 11:00,12-11-2022 00:00,1,null,USTIW,CNNGB,MYPGU,null,22-5105,null,760200,"Waste and scrap, of aluminium",aluminium scrap,N,N,40HC,1,2,0,0,1580916,AMERICA METAL EXPORT INC,AMERICA METAL EXPORT INC,null,BOOKING@AMETALEXPORT.COM,BONNIE FITTS,USWCR
NAM5757757,00ND - BOOKED - NO DOCS,RP,null,null,10-10-2022 17:55,JDX,0FTEGN1MA,USPDXDNWC,04-11-2022 20:10,09-11-2022 11:00,12-11-2022 00:00,1,USPDX,USTIW,CNNGB,THLCH,null,null,TA_COMMODITY20,720410,"Waste and scrap, of cast iron","Waste and scrap, of cast iron",N,N,20ST,3,3,3,0,889776,C & Y GLOBAL INC,C & Y GLOBAL INC,null,BOOKING@CYGLOBALUSA.COM,JOHN MAHAFFEY,USTRD
NAM5758308,NBND - NVR Booked -No Docs,PR,null,null,10-10-2022 00:00,JDX,0FTEGN1MA,null,null,09-11-2022 11:00,12-11-2022 00:00,1,null,USTIW,CNNGB,VNVUT,VNSGN,22-5029,null,440791,Oak (Quercus spp.) sawn or chi,WOOD,N,N,40HC,1,2,0,0,3571167,ALLY GLOBAL LOGISTICS LLC,ALLY GLOBAL LOGISTICS LLC,null,BRUTHERFORD@ALLYGLOBALLOGISTICS.COM,JOHN MAJCHROWICZ,USNER
NAM5758323,00ND - BOOKED - NO DOCS,PR,null,null,10-10-2022 00:00,JDX,0FTEGN1MA,null,null,09-11-2022 11:00,12-11-2022 00:00,1,null,USTIW,CNNGB,VNVUT,VNSGN,null,TA_COMMODITY20,440791,Oak (Quercus spp.) sawn or chi,WOOD,N,N,40HC,1,2,1,0,3571167,ALLY GLOBAL LOGISTICS LLC,ALLY GLOBAL LOGISTICS LLC,null,BRUTHERFORD@ALLYGLOBALLOGISTICS.COM,JOHN MAJCHROWICZ,USNER
NAM5758695,00ND - BOOKED - NO DOCS,RP,null,null,10-10-2022 21:05,JDX,0FTEGN1MA,USPDXDNWC,05-11-2022 16:00,09-11-2022 11:00,12-11-2022 00:00,1,USPDX,USTIW,CNNGB,MYPKG,null,null,TA_COMMODITY20,760320,"Powders of aluminium, of lamel","Powders of aluminium, of lamel",N,N,40HC,5,10,3,0,2031459,BASELINE GLOBAL CORP,BASELINE GLOBAL CORP,null,INFO@BASELINEGLOBAL.NET,GEORGIA ALBANIDES,USNER
NAM5759081,00ND - BOOKED - NO DOCS,PP,null,null,11-10-2022 12:42,JDX,0FTEGN1MA,null,null,09-11-2022 11:00,12-11-2022 00:00,1,null,USTIW,CNNGB,MYPGU,null,22-5105,null,760200,"Waste and scrap, of aluminium",METAL SCRAP,N,N,40HC,1,2,0,0,1580916,AMERICA METAL EXPORT INC,AMERICA METAL EXPORT INC,null,BOOKING@AMETALEXPORT.COM,BONNIE FITTS,USWCR
NAM5760229,00ND - BOOKED - NO DOCS,PD,null,null,11-10-2022 15:17,JDX,0FTEGN1MA,null,null,09-11-2022 11:00,12-11-2022 00:00,1,null,USTIW,CNNGB,THLCH,THBKK,21-5056,null,470710,Recovered waste and scrap pa,Recovered waste and scrap pa,N,N,40HC,10,20,0,0,1500704,WM RECYCLE AMERICA LLC,WM RECYCLE AMERICA LLC,null,WM@XPORTFORWARDING.COM,CAROLYN WETZEL,USMWR
NAM5760714,00ND - BOOKED - NO DOCS,PD,null,null,11-10-2022 15:15,JDX,0FTEGN1MA,null,null,09-11-2022 11:00,12-11-2022 00:00,1,null,USTIW,CNNGB,THLCH,THBKK,21-5056,null,470710,Recovered waste and scrap pa,WASTE PAPER,N,N,40HC,10,20,0,0,1500704,WM RECYCLE AMERICA LLC,WM RECYCLE AMERICA LLC,null,WM@XPORTFORWARDING.COM,CAROLYN WETZEL,USMWR
NAM5761958,00ND - BOOKED - NO DOCS,PP,null,null,11-10-2022 17:46,JDX,0FTEGN1MA,null,null,09-11-2022 11:00,12-11-2022 00:00,1,null,USTIW,CNNGB,VNHPH,null,22-3960,null,40210,"Milk and cream in solid forms,","Milk and cream in solid forms, of a fat content by",N,N,40HC,12,24,0,0,5283846,DARIGOLD INC,DARIGOLD INC,null,TRADE.EXECUTION@DARIGOLD.COM,HERMAN GAN,USWCR
NAM5762887,00ND - BOOKED - NO DOCS,PP,null,null,12-10-2022 18:39,JDX,0FTEGN1MA,null,null,09-11-2022 11:00,12-11-2022 00:00,1,null,USTIW,CNNGB,MYPKG,null,22-5084,null,760320,"Powders of aluminium, of lamel",ALUMINIUM FLAKES,N,N,40HC,5,10,5,0,1642435,SCHNITZER STEEL INDUSTRIES INC,SCHNITZER STEEL INDUSTRIES INC,null,BOOKINGS@SCHN.COM,GEORGIA ALBANIDES,USNER
NAM5763590,71CA - VIP - BOOKED NO DOC,PR,null,null,11-10-2022 00:00,JDX,0FTEGN1MA,null,null,09-11-2022 11:00,12-11-2022 00:00,1,null,USTIW,null,TWKHH,TWTXG,22-5078,null,480258,"Uncoated paper and paperboard,",Uncoated Paper And Paperboard,N,N,40HC,6,12,0,0,143824,SUNSET TRADING,SUNSET TRADING,"SEAL BEACH, CA",GRIFFIN.SCHULTZ@CELLMARK.COM,YUBIN YIN,USTRD
NAM5763592,71CA - VIP - BOOKED NO DOC,PR,null,null,12-10-2022 13:09,JDX,0FTEGN1MA,null,null,09-11-2022 11:00,12-11-2022 00:00,1,null,USTIW,null,TWKHH,TWTXG,22-5078,null,480258,"Uncoated paper and paperboard,",Uncoated paper and paperboard,N,N,40HC,4,8,0,0,143824,SUNSET TRADING,SUNSET TRADING,null,GRIFFIN.SCHULTZ@CELLMARK.COM,YUBIN YIN,USTRD
NAM5763593,71CA - VIP - BOOKED NO DOC,PR,null,null,12-10-2022 17:40,JDX,0FTEGN1MA,null,null,09-11-2022 11:00,12-11-2022 00:00,1,null,USTIW,null,TWKHH,TWTXG,22-5078,null,480258,"Uncoated paper and paperboard,",Uncoated Paper And Paperboard,N,N,40HC,4,8,0,0,143824,SUNSET TRADING,SUNSET TRADING,null,GRIFFIN.SCHULTZ@CELLMARK.COM,YUBIN YIN,USTRD
NAM5763594,71CA - VIP - BOOKED NO DOC,PR,null,null,12-10-2022 00:00,JDX,0FTEGN1MA,null,null,09-11-2022 11:00,12-11-2022 00:00,1,null,USTIW,null,TWKHH,TWTXG,22-5078,null,480258,"Uncoated paper and paperboard,",Uncoated paper and paperboard,N,N,40HC,6,12,0,0,143824,SUNSET TRADING,SUNSET TRADING,null,GRIFFIN.SCHULTZ@CELLMARK.COM,YUBIN YIN,USTRD
NAM5765827,71CA - VIP - BOOKED NO DOC,PR,null,null,12-10-2022 00:00,JDX,0FTEGN1MA,null,null,09-11-2022 11:00,12-11-2022 00:00,1,null,USTIW,null,TWKHH,TWTXG,22-5078,null,481039,"Kraft paper and paperboard, co","Kraft Paper And Paperboard, Co",N,N,40HC,3,6,0,0,3697089,SUNSET TRADING,SUNSET TRADING,"VANCOUVER, WA",LISA.ANDERSEN@CELLMARK.COM,YUBIN YIN,USTRD
NAM5766838,00ND - BOOKED - NO DOCS,PP,null,null,13-10-2022 00:10,JDX,0FTEGN1MA,null,null,09-11-2022 11:00,12-11-2022 00:00,1,null,USTIW,null,TWKHH,null,22-1019,null,843280,"Agricultural, horticultural or","FAKAGRICULTURAL, HORTICULTURAL MACHINERY",N,N,40HC,1,2,0,0,255809,DSV AIR & SEA INC,DSV AIR & SEA INC,null,MICHELLE.RUDOLPH@US.DSV.COM,JOHNNY RAMOS,STRAT NVO
NAM5768562,00ND - BOOKED - NO DOCS,PP,null,null,13-10-2022 00:00,JDX,0FTEGN1MA,null,null,09-11-2022 11:00,12-11-2022 00:00,1,null,USTIW,CNNGB,INCCU,null,null,TA_COMMODITY20,720450,Remelting scrap ingots of iron,METAL SCRAP,N,N,20ST,8,8,5,0,2536594,SEAGULL MARITIME AGENCIES LTD,SEAGULL MARITIME AGENCIES LTD,null,ASHU.GOYAL@SEAGULL-GLOBAL.COM,JOHN MAHAFFEY,USTRD
NAM5771072,00ND - BOOKED - NO DOCS,PP,null,null,14-10-2022 11:07,JDX,0FTEGN1MA,null,null,09-11-2022 11:00,12-11-2022 00:00,1,null,USTIW,CNNGB,IDSUB,null,null,QNAM065584,470710,Recovered waste and scrap pa,waste paper,N,N,40HC,20,40,0,0,6431527,XPORT FORWARDING,XPORT FORWARDING,null,NANA.HARA@XPORTFORWARDING.COM,CHRISTINE CHEN,USWCR
NAM5771073,00ND - BOOKED - NO DOCS,PP,null,null,14-10-2022 11:34,JDX,0FTEGN1MA,null,null,09-11-2022 11:00,12-11-2022 00:00,1,null,USTIW,CNNGB,IDSUB,null,null,QNAM065584,470710,Recovered waste and scrap pa,waste paper,N,N,40HC,20,40,0,0,6431527,XPORT FORWARDING,XPORT FORWARDING,null,NANA.HARA@XPORTFORWARDING.COM,CHRISTINE CHEN,USWCR
NAM5772600,71CA - VIP - BOOKED NO DOC,PR,null,null,14-10-2022 20:36,JDX,0FTEGN1MA,null,null,09-11-2022 11:00,12-11-2022 00:00,1,null,USTIW,null,TWKHH,TWTXG,22-5078,null,480258,"Uncoated paper and paperboard,",Uncoated paper and paperboard,N,N,40HC,4,8,0,0,143824,SUNSET TRADING,SUNSET TRADING,null,GRIFFIN.SCHULTZ@CELLMARK.COM,YUBIN YIN,USTRD
NAM5773287,00ND - BOOKED - NO DOCS,RP,null,null,14-10-2022 20:44,JDX,0FTEGN1MA,USPDXDNWC,05-11-2022 16:00,09-11-2022 11:00,12-11-2022 00:00,1,USPDX,USTIW,CNNGB,THLCH,null,null,TA_COMMODITY20,720449,Waste and scrap of iron or ste,METAL SCRAP,N,N,40HC,5,10,1,0,1234778,CARGO EXPRESS SHIPPING INC,CARGO EXPRESS SHIPPING INC,null,JAN@CARGOEXPRESSSHIP.COM,JOHN MAHAFFEY,USTRD
NAM5774270,71CA - VIP - BOOKED NO DOC,PR,null,null,14-10-2022 20:42,JDX,0FTEGN1MA,null,null,09-11-2022 11:00,12-11-2022 00:00,1,null,USTIW,null,TWKHH,TWTXG,22-5078,null,480258,"Uncoated paper and paperboard,",Uncoated paper and paperboard,N,N,40HC,4,8,0,0,143824,SUNSET TRADING,SUNSET TRADING,null,GRIFFIN.SCHULTZ@CELLMARK.COM,YUBIN YIN,USTRD
NAM5777198,00AA - INCOMPLETE SI,PP,X20221101804757,X20221101804757,17-10-2022 17:50,JDX,0FTEGN1MA,null,null,03-11-2022 10:00,07-11-2022 14:00,1,null,USLAX,null,CNSHK,null,22-0438,null,80212,"Fresh or dried almonds, shelle",Fresh or dried almonds,N,N,40HC,1,2,1,1,2794422,SIERRA VALLEY ALMONDS LLC,SIERRA VALLEY ALMONDS LLC,null,OFFICE@BSGSHIPPING.COM,SERGEY GOODKOVSKY,USWCR
NAM5777662,00ND - BOOKED - NO DOCS,PP,null,null,17-10-2022 21:56,JDX,0FTEGN1MA,null,null,09-11-2022 11:00,12-11-2022 00:00,1,null,USTIW,CNNGB,IDSUB,null,22-3960,null,40410,"Whey and modified whey, whethe",WHEY AND MODIFIED WHEY,N,N,40HC,4,8,1,0,5283846,DARIGOLD INC,DARIGOLD INC,null,TRADE.EXECUTION@DARIGOLD.COM,HERMAN GAN,USWCR
NAM5778097,00ND - BOOKED - NO DOCS,PP,null,null,17-10-2022 22:33,JDX,0FTEGN1MA,null,null,09-11-2022 11:00,12-11-2022 00:00,1,null,USTIW,CNNGB,IDSUB,null,22-3960,null,40410,"Whey and modified whey, whethe","WHEY AND MODIFIED WHEY, WHETHER",N,N,40HC,12,24,0,0,5283846,DARIGOLD INC,DARIGOLD INC,null,TRADE.EXECUTION@DARIGOLD.COM,HERMAN GAN,USWCR
NAM5778101,00ND - BOOKED - NO DOCS,PP,null,null,17-10-2022 22:17,JDX,0FTEGN1MA,null,null,09-11-2022 11:00,12-11-2022 00:00,1,null,USTIW,CNNGB,IDSUB,null,22-3960,null,40410,"Whey and modified whey, whethe",WHEY AND MODIFIED WHEY,N,N,40HC,2,4,0,0,5283846,DARIGOLD INC,DARIGOLD INC,null,TRADE.EXECUTION@DARIGOLD.COM,HERMAN GAN,USWCR
NAM5778530,00ND - BOOKED - NO DOCS,PP,null,null,18-10-2022 00:25,JDX,0FTEGN1MA,null,null,09-11-2022 11:00,12-11-2022 00:00,1,null,USTIW,CNSHA,FRLEH,null,22-1019,null,901849,Instruments and appliances use,FAKInstruments and apparatus used,N,N,20ST,1,1,1,0,3422244,DSV AIR & SEA INC,DSV AIR & SEA INC,null,MELISSA.WILEY@US.DSV.COM,JOHNNY RAMOS,STRAT NVO
NAM5780225,71CA - VIP - BOOKED NO DOC,PP,null,null,18-10-2022 16:55,JDX,0FTEGN1MA,null,null,03-11-2022 10:00,07-11-2022 14:00,1,null,USLAX,null,CNSHK,null,22-0691,null,284020,Borates (excl. disodium tetrab,Borates (Excl. Disodium Tetrab,N,N,20ST,10,10,8,7,748702,US BORAX INC,US BORAX INC,null,DOMINIQUE.GHESS@RIOTINTO.COM,KRISTIN REDMOND,USMWR
NAM5780355,00ND - BOOKED - NO DOCS,PP,null,null,18-10-2022 18:59,JDX,0FTEGN1MA,null,null,09-11-2022 11:00,12-11-2022 00:00,1,null,USTIW,null,CNNGB,null,22-5084,null,740400,"Waste and scrap, of copper (ex",METAL SCRAP,N,N,40HC,1,2,0,0,1642435,SCHNITZER STEEL INDUSTRIES INC,SCHNITZER STEEL INDUSTRIES INC,null,BOOKINGS@SCHN.COM,GEORGIA ALBANIDES,USNER
NAM5780406,00ND - BOOKED - NO DOCS,PP,null,null,18-10-2022 18:54,JDX,0FTEGN1MA,null,null,09-11-2022 11:00,12-11-2022 00:00,1,null,USTIW,null,CNNGB,null,22-5084,null,740400,"Waste and scrap, of copper (ex","Waste and scrap, of copper (ex",N,N,40HC,1,2,0,0,1642435,SCHNITZER STEEL INDUSTRIES INC,SCHNITZER STEEL INDUSTRIES INC,null,BOOKINGS@SCHN.COM,GEORGIA ALBANIDES,USNER
NAM5780458,00ND - BOOKED - NO DOCS,PR,null,null,18-10-2022 00:00,JDX,0FTEGN1MA,null,null,09-11-2022 11:00,12-11-2022 00:00,1,null,USTIW,CNNGB,INNSA,INPW2,22-5084,null,760200,"Waste and scrap, of aluminium",METAL SCRAP,N,N,40HC,1,2,0,0,1642435,SCHNITZER STEEL INDUSTRIES INC,SCHNITZER STEEL INDUSTRIES INC,null,BOOKINGS@SCHN.COM,GEORGIA ALBANIDES,USNER
NAM5780712,00ND - BOOKED - NO DOCS,PP,null,null,18-10-2022 19:41,JDX,0FTEGN1MA,null,null,09-11-2022 11:00,12-11-2022 00:00,1,null,USTIW,null,CNNGB,null,22-5084,null,740400,"Waste and scrap, of copper (ex",METAL SCRAP,N,N,40HC,1,2,0,0,1642435,SCHNITZER STEEL INDUSTRIES INC,SCHNITZER STEEL INDUSTRIES INC,null,BOOKINGS@SCHN.COM,GEORGIA ALBANIDES,USNER
NAM5780859,00ND - BOOKED - NO DOCS,PP,null,null,18-10-2022 19:12,JDX,0FTEGN1MA,null,null,09-11-2022 11:00,12-11-2022 00:00,1,null,USTIW,CNNGB,PKBQM,null,null,TA_COMMODITY20,630900,Worn clothing and clothing acc,WORN CLOTHING,N,N,40HC,1,2,0,0,4496178,TEU GLOBAL INC,TEU GLOBAL INC,null,EXPORT@TEUINC.COM,CHRISTOPHER FLETCHER,USNER
NAM5780920,NBND - NVR Booked -No Docs,PP,null,null,18-10-2022 20:35,JDX,0FTEGN1MA,null,null,09-11-2022 11:00,12-11-2022 00:00,1,null,USTIW,CNNGB,MYPKG,null,22-2777,null,390110,Polyethylene with a specific g,POLYETHYLENE IN PRIMARY FORMS,N,N,40HC,1,2,0,0,4294602,BAY LOGISTICS LLC,BAY LOGISTICS LLC,null,DOCS1@BAYLOGISTICS.NET,MATTHEW MURPHY,USNER
NAM5781412,00ND - BOOKED - NO DOCS,PP,null,null,18-10-2022 21:29,JDX,0FTEGN1MA,null,null,09-11-2022 11:00,12-11-2022 00:00,1,null,USTIW,CNNGB,MYPKG,null,22-5084,null,760200,"Waste and scrap, of aluminium","Aluminum, Waste And Scrap  Ot  7602000090",N,N,40HC,2,4,0,0,1642435,SCHNITZER STEEL INDUSTRIES INC,SCHNITZER STEEL INDUSTRIES INC,null,BOOKINGS@SCHN.COM,GEORGIA ALBANIDES,USNER
NAM5781447,00ND - BOOKED - NO DOCS,PP,null,null,18-10-2022 00:00,JDX,0FTEGN1MA,null,null,09-11-2022 11:00,12-11-2022 00:00,1,null,USTIW,CNNGB,MYPGU,null,22-5084,null,760200,"Waste and scrap, of aluminium","Waste and scrap, of aluminium",N,N,40HC,2,4,1,0,1642435,SCHNITZER STEEL INDUSTRIES INC,SCHNITZER STEEL INDUSTRIES INC,null,BOOKINGS@SCHN.COM,GEORGIA ALBANIDES,USNER
NAM5781551,00ND - BOOKED - NO DOCS,PP,null,null,18-10-2022 23:31,JDX,0FTEGN1MA,null,null,09-11-2022 11:00,12-11-2022 00:00,1,null,USTIW,CNNGB,MYPKG,null,22-3960,null,40210,"Milk and cream in solid forms,",Milk and cream in solid forms,N,N,40HC,2,4,0,0,5283846,DARIGOLD INC,DARIGOLD INC,null,TRADE.EXECUTION@DARIGOLD.COM,HERMAN GAN,USWCR
NAM5782314,00ND - BOOKED - NO DOCS,RR,null,null,19-10-2022 17:30,JDX,0FTEGN1MA,USPDXDNWC,05-11-2022 16:00,09-11-2022 11:00,12-11-2022 00:00,1,USPDX,USTIW,CNNGB,INNSA,INHYD,null,TA_COMMODITY20,720450,Remelting scrap ingots of iron,Remelting scrap ingots of iron,N,N,40HC,1,2,0,0,2536594,SEAGULL MARITIME AGENCIES LTD,SEAGULL MARITIME AGENCIES LTD,null,MONIKA.AGGARWAL@SEAGULL-GLOBAL.COM,JOHN MAHAFFEY,USTRD
NAM5784695,00ND - BOOKED - NO DOCS,PP,null,null,19-10-2022 22:12,JDX,0FTEGN1MA,null,null,09-11-2022 11:00,12-11-2022 00:00,1,null,USTIW,CNNGB,IDSUB,null,22-3960,null,40410,"Whey and modified whey, whethe",WHEY AND MODIFIED WHEY,N,N,40HC,2,4,0,0,5283846,DARIGOLD INC,DARIGOLD INC,null,TRADE.EXECUTION@DARIGOLD.COM,HERMAN GAN,USWCR
NAM5786221,00ND - BOOKED - NO DOCS,PP,null,null,20-10-2022 16:52,JDX,0FTEGN1MA,null,null,09-11-2022 11:00,12-11-2022 00:00,1,null,USTIW,CNNGB,SGSIN,null,22-0786,null,76061230,"Aluminum alloy, plates/sheets/","Aluminum Alloy, Plates/Sheets/  76061230",N,N,40HC,1,2,0,0,411288,KINTETSU WORLD EXPRESS,KINTETSU WORLD EXPRESS,null,RUBIA.AZHAR@AM.KWE.COM,RODERICK NOCHE,STRAT NVO
NAM5787631,00ND - BOOKED - NO DOCS,PP,null,null,20-10-2022 22:54,JDX,0FTEGN1MA,null,null,09-11-2022 11:00,12-11-2022 00:00,1,null,USTIW,CNNGB,THLCH,null,20-5519,null,470710,Recovered waste and scrap pa,WASTE PAPER,N,N,40HC,15,30,0,0,1888770,CYCLE LINK USA INC,CYCLE LINK USA INC,null,JOETANG@CYCLELINK.COM,YUBIN YIN,USTRD
NAM5787679,00ND - BOOKED - NO DOCS,RP,null,null,20-10-2022 22:46,JDX,0FTEGN1MA,USPDXDNWC,05-11-2022 16:00,09-11-2022 11:00,12-11-2022 00:00,1,USPDX,USTIW,CNNGB,THLCH,null,null,TA_COMMODITY20,720449,Waste and scrap of iron or ste,METAL SCRAP,N,N,20ST,2,2,2,0,889776,C & Y GLOBAL INC,C & Y GLOBAL INC,null,BOOKING@CYGLOBALUSA.COM,JOHN MAHAFFEY,USTRD
NAM5787746,00NB - SPECIALIZED - BKD NO DOC,PR,null,null,21-10-2022 18:51,JDX,0FTEGN1MA,null,null,09-11-2022 11:00,12-11-2022 00:00,1,null,USTIW,null,TWKHH,TWKEL,22-1037,null,80810,Fresh apples,Fresh Apples,N,N,40RH,1,2,0,0,2019515,STEMILT GROWERS,STEMILT GROWERS,null,SHIP@SPRINTFORWARDERS.COM,CHERI SNIDER,USRFR
NAM5788204,00ND - BOOKED - NO DOCS,PP,null,null,21-10-2022 17:55,JDX,0FTEGN1MA,null,null,09-11-2022 11:00,12-11-2022 00:00,1,null,USTIW,CNNGB,IDSUB,null,22-3960,null,40410,"Whey and modified whey, whethe",Whey Powder,N,N,40HC,8,16,0,0,5283846,DARIGOLD INC,DARIGOLD INC,null,TRADE.EXECUTION@DARIGOLD.COM,HERMAN GAN,USWCR
NAM5788263,71CA - VIP - BOOKED NO DOC,PP,null,null,21-10-2022 16:57,JDX,0FTEGN1MA,null,null,03-11-2022 10:00,07-11-2022 14:00,1,null,USLAX,null,CNSHK,null,22-0691,null,284020,Borates (excl. disodium tetrab,Borates (excl. disodium tetrab,N,N,20ST,20,20,7,6,5711645,RIO TINTO SERVICES INC,RIO TINTO SERVICES INC,null,DOMINIQUE.GHESS@RIOTINTO.COM,KRISTIN REDMOND,USMWR
NAM5788638,71CA - VIP - BOOKED NO DOC,PP,null,null,21-10-2022 16:03,JDX,0FTEGN1MA,null,null,03-11-2022 10:00,07-11-2022 14:00,1,null,USLAX,null,CNSHK,null,22-0691,null,284020,Borates (excl. disodium tetrab,Borates (excl. disodium tetraborate refined borax,N,N,20ST,10,10,0,0,5711645,RIO TINTO SERVICES INC,RIO TINTO SERVICES INC,null,DOMINIQUE.GHESS@RIOTINTO.COM,KRISTIN REDMOND,USMWR
NAM5788665,NBND - NVR Booked -No Docs,RP,null,null,21-10-2022 19:33,JDX,0FTEGN1MA,USPDXDPCR,02-11-2022 16:00,09-11-2022 11:00,12-11-2022 00:00,1,USPDX,USTIW,CNNGB,IDJKT,null,22-0143,null,392190,"Plates, sheets, film, foil and",sp auto no abdd,N,N,40HC,2,4,0,0,1823416,PRALUMEX INC,PRALUMEX INC,null,HENKY@PRALUMEX.COM,DAWN JARKOW,USTRD
NAM5788912,00AB - VIP- INCOMPLETE SI,PP,X20221027580583,X20221027580583,21-10-2022 16:14,JDX,0FTEGN1MA,null,null,03-11-2022 10:00,07-11-2022 14:00,1,null,USLAX,null,CNSHK,null,22-0691,null,284020,Borates (excl. disodium tetrab,Borates (Excl. Disodium Tetrab,N,N,20ST,5,5,4,4,5711645,RIO TINTO SERVICES INC,RIO TINTO SERVICES INC,null,DOMINIQUE.GHESS@RIOTINTO.COM,KRISTIN REDMOND,USMWR
NAM5790203,00NB - SPECIALIZED - BKD NO DOC,PP,null,null,21-10-2022 20:21,JDX,0FTEGN1MA,null,null,09-11-2022 11:00,12-11-2022 00:00,1,null,USTIW,null,CNSHK,null,22-0063,null,80810,Fresh apples,Fresh apples,N,N,40RH,5,10,0,0,2401109,DELICA NORTH AMERICA INC,DELICA NORTH AMERICA INC,null,NAMDOCS@TANDG.GLOBAL,CHERI SNIDER,USRFR
NAM5790204,00NB - SPECIALIZED - BKD NO DOC,PP,null,null,21-10-2022 22:02,JDX,0FTEGN1MA,null,null,09-11-2022 11:00,12-11-2022 00:00,1,null,USTIW,null,CNSHK,null,22-0063,null,80810,Fresh apples,Fresh apples,N,N,40RH,5,10,0,0,2401109,DELICA NORTH AMERICA INC,DELICA NORTH AMERICA INC,null,NAMDOCS@TANDG.GLOBAL,CHERI SNIDER,USRFR
NAM5790205,00NB - SPECIALIZED - BKD NO DOC,PP,null,null,21-10-2022 22:05,JDX,0FTEGN1MA,null,null,09-11-2022 11:00,12-11-2022 00:00,1,null,USTIW,null,CNSHK,null,22-0063,null,80810,Fresh apples,Fresh apples,N,N,40RH,5,10,0,0,2401109,DELICA NORTH AMERICA INC,DELICA NORTH AMERICA INC,null,NAMDOCS@TANDG.GLOBAL,CHERI SNIDER,USRFR
NAM5792562,NBND - NVR Booked -No Docs,RP,null,null,24-10-2022 00:00,JDX,0FTEGN1MA,USPDXDNWC,05-11-2022 16:00,09-11-2022 11:00,12-11-2022 00:00,1,USPDX,USTIW,CNNGB,INNSA,null,22-1470,null,120810,Soya bean flour and meal,Soya bean flour and meal,N,N,40HC,1,2,0,0,41584,AIR 7 SEAS TRANSPORT LOGISTICS INC,AIR 7 SEAS TRANSPORT LOGISTICS INC,null,FCLOP@AIR7SEAS.US,SERGEY GOODKOVSKY,USWCR
NAM5792612,00ND - BOOKED - NO DOCS,PP,null,null,24-10-2022 00:00,JDX,0FTEGN1MA,null,null,09-11-2022 11:00,12-11-2022 00:00,1,null,USTIW,CNNGB,THLCH,null,null,QCAN006232,392061,"Plates, sheets, film, foil and","Plates, sheets, film, foil and",N,N,40HC,4,8,0,0,3216543,GOLDEN TRUST TRADING INC,GOLDEN TRUST TRADING INC,null,FEIFEI.SHAN@GOLDENTRUSTTRADING.COM,DEBBIE YU,CACAR
NAM5792641,00ND - BOOKED - NO DOCS,PP,null,null,24-10-2022 19:00,JDX,0FTEGN1MA,null,null,09-11-2022 11:00,12-11-2022 00:00,1,null,USTIW,CNNGB,THLCH,null,null,QCAN006232,392061,"Plates, sheets, film, foil and","Plates, sheets, film, foil and strip",N,N,40HC,4,8,0,0,3216543,GOLDEN TRUST TRADING INC,GOLDEN TRUST TRADING INC,null,FEIFEI.SHAN@GOLDENTRUSTTRADING.COM,DEBBIE YU,CACAR
NAM5793982,00ND - BOOKED - NO DOCS,PP,null,null,25-10-2022 05:25,JDX,0FTEGN1MA,null,null,09-11-2022 11:00,12-11-2022 00:00,1,null,USTIW,CNSHA,CNLYG,null,22-0219,null,80221,Fresh or dried hazelnuts or fi,DFNFresh or dried hazelnuts,N,N,40HC,5,10,4,0,3390752,MAINFREIGHT INC,MAINFREIGHT INC,null,NICK.BARRA@MAINFREIGHTUSA.COM,RODERICK NOCHE,STRAT NVO
NAM5793983,00ND - BOOKED - NO DOCS,PP,null,null,25-10-2022 05:48,JDX,0FTEGN1MA,null,null,09-11-2022 11:00,12-11-2022 00:00,1,null,USTIW,CNSHA,CNLYG,null,22-0219,null,80221,Fresh or dried hazelnuts or fi,DFNFresh or dried hazelnuts,N,N,40HC,5,10,0,0,3390752,MAINFREIGHT INC,MAINFREIGHT INC,null,NICK.BARRA@MAINFREIGHTUSA.COM,RODERICK NOCHE,STRAT NVO
NAM5793984,00ND - BOOKED - NO DOCS,PP,null,null,25-10-2022 05:50,JDX,0FTEGN1MA,null,null,09-11-2022 11:00,12-11-2022 00:00,1,null,USTIW,CNSHA,CNLYG,null,22-0219,null,80221,Fresh or dried hazelnuts or fi,DFNFresh or dried hazelnuts,N,N,40HC,5,10,0,0,3390752,MAINFREIGHT INC,MAINFREIGHT INC,null,NICK.BARRA@MAINFREIGHTUSA.COM,RODERICK NOCHE,STRAT NVO
NAM5793985,00ND - BOOKED - NO DOCS,PP,null,null,25-10-2022 05:52,JDX,0FTEGN1MA,null,null,09-11-2022 11:00,12-11-2022 00:00,1,null,USTIW,CNSHA,CNLYG,null,22-0219,null,80221,Fresh or dried hazelnuts or fi,DFNFresh or dried hazelnuts,N,N,40HC,5,10,0,0,3390752,MAINFREIGHT INC,MAINFREIGHT INC,null,NICK.BARRA@MAINFREIGHTUSA.COM,RODERICK NOCHE,STRAT NVO
NAM5795397,00ND - BOOKED - NO DOCS,PP,null,null,25-10-2022 00:00,JDX,0FTEGN1MA,null,null,09-11-2022 11:00,12-11-2022 00:00,1,null,USTIW,TWKHH,CNTXG,null,22-0219,null,80221,Fresh or dried hazelnuts or fi,Fresh or dried hazelnuts,N,N,40HC,1,2,0,0,3390752,MAINFREIGHT INC,MAINFREIGHT INC,"PORTLAND, OR",NICK.BARRA@MAINFREIGHTUSA.COM,RODERICK NOCHE,STRAT NVO
NAM5796013,00ND - BOOKED - NO DOCS,PP,null,null,25-10-2022 19:57,JDX,0FTEGN1MA,null,null,09-11-2022 11:00,12-11-2022 00:00,1,null,USTIW,TWKHH,CNTXG,null,22-0219,null,80221,Fresh or dried hazelnuts or fi,Fresh or dried hazelnuts  A1 SEEDS,N,N,40HC,1,2,0,0,3390752,MAINFREIGHT INC,MAINFREIGHT INC,null,NICK.BARRA@MAINFREIGHTUSA.COM,RODERICK NOCHE,STRAT NVO
NAM5796051,00ND - BOOKED - NO DOCS,PP,null,null,25-10-2022 20:06,JDX,0FTEGN1MA,null,null,09-11-2022 11:00,12-11-2022 00:00,1,null,USTIW,TWKHH,CNTXG,null,22-0219,null,120925,Seeds of forage plants : Rye g,Seeds of forage plants : Rye grass A1 SEEDS,N,N,40HC,4,8,0,0,3390752,MAINFREIGHT INC,MAINFREIGHT INC,null,NICK.BARRA@MAINFREIGHTUSA.COM,RODERICK NOCHE,STRAT NVO
NAM5796213,00ND - BOOKED - NO DOCS,PP,null,null,25-10-2022 21:39,JDX,0FTEGN1MA,null,null,09-11-2022 11:00,12-11-2022 00:00,1,null,USTIW,TWKHH,CNTXG,null,22-0219,null,80221,Fresh or dried hazelnuts or fi,SEEDFresh or dried,N,N,40HC,1,2,0,0,3390752,MAINFREIGHT INC,MAINFREIGHT INC,null,NICK.BARRA@MAINFREIGHTUSA.COM,RODERICK NOCHE,STRAT NVO
NAM5796215,00ND - BOOKED - NO DOCS,PP,null,null,25-10-2022 21:39,JDX,0FTEGN1MA,null,null,09-11-2022 11:00,12-11-2022 00:00,1,null,USTIW,TWKHH,CNTXG,null,22-0219,null,120925,Seeds of forage plants : Rye g,SEEDSeeds of forage plants,N,N,40HC,3,6,0,0,3390752,MAINFREIGHT INC,MAINFREIGHT INC,null,NICK.BARRA@MAINFREIGHTUSA.COM,RODERICK NOCHE,STRAT NVO
NAM5796933,00ND - BOOKED - NO DOCS,PP,null,null,25-10-2022 00:00,JDX,0FTEGN1MA,null,null,09-11-2022 11:00,12-11-2022 00:00,1,null,USTIW,TWKHH,CNTXG,null,22-0219,null,120925,Seeds of forage plants : Rye g,SEEDS: PLANT SEEDS,N,N,40HC,3,6,0,0,3390752,MAINFREIGHT INC,MAINFREIGHT INC,null,NICK.BARRA@MAINFREIGHTUSA.COM,RODERICK NOCHE,STRAT NVO
NAM5797288,00NB - SPECIALIZED - BKD NO DOC,PP,null,null,26-10-2022 14:04,JDX,0FTEGN1MA,null,null,09-11-2022 11:00,12-11-2022 00:00,1,null,USTIW,TWKHH,VNHPH,null,22-0780,null,80810,Fresh apples,FRESH APPLES,N,N,40RH,1,2,0,0,1270385,ONEONTA TRADING CORPORATION,ONEONTA TRADING CORPORATION,null,SEAOCEAN@PILOTDELIVERS.COM,CHERI SNIDER,USRFR
NAM5797520,71CA - VIP - BOOKED NO DOC,PR,null,null,26-10-2022 00:00,JDX,0FTEGN1MA,null,null,09-11-2022 11:00,12-11-2022 00:00,1,null,USTIW,null,TWKHH,TWTXG,22-5078,null,481039,"Kraft paper and paperboard, co","Kraft Paper And Paperboard, Co",N,N,40HC,1,2,0,0,3697089,SUNSET TRADING,SUNSET TRADING,"VANCOUVER, WA",LISA.ANDERSEN@CELLMARK.COM,YUBIN YIN,USTRD
NAM5799417,00ND - BOOKED - NO DOCS,PP,null,null,26-10-2022 20:02,JDX,0FTEGN1MA,null,null,09-11-2022 11:00,12-11-2022 00:00,1,null,USTIW,TWKHH,CNTXG,null,22-5044,null,470200,"Chemical wood pulp, dissolving","Chemical wood pulp,",N,N,40HC,20,40,0,0,38738,CENTRAL NATIONAL GOTTESMAN INC,CENTRAL NATIONAL GOTTESMAN INC,null,LOGISTICS@CNG-INC.COM,GEORGIA ALBANIDES,USNER
NAM5799504,NBND - NVR Booked -No Docs,PP,null,null,26-10-2022 22:16,JDX,0FTEGN1MA,null,null,09-11-2022 11:00,12-11-2022 00:00,0,null,USTIW,CNNGB,VNHPH,null,null,TA_COMMODITY20,470710,Recovered waste and scrap pa,Waste Paper,N,N,40HC,10,20,0,0,7162193,BSR INTERNATIONAL LOGISTICS INC,BSR INTERNATIONAL LOGISTICS INC,"PLACENTIA, CA",OP@BSRLOGIS.COM,US UNASSIGNED,USUKN
NAM5800035,00ND - BOOKED - NO DOCS,RP,null,null,26-10-2022 23:53,JDX,0FTEGN1MA,USPDXDPCR,08-11-2022 16:00,09-11-2022 11:00,12-11-2022 00:00,1,USPDX,USTIW,CNNGB,THLCH,null,null,TA_COMMODITY20,720410,"Waste and scrap, of cast iron",METAL SCRAP,N,N,20ST,3,3,0,0,4196007,ACAE LOGISTICS COMPANY INC,ACAE LOGISTICS COMPANY INC,null,BOOKING@CYGLOBALUSA.COM,JOHN MAHAFFEY,USTRD
NAM5800113,00ND - BOOKED - NO DOCS,PP,null,null,27-10-2022 08:15,JDX,0FTEGN1MA,null,null,09-11-2022 11:00,12-11-2022 00:00,1,null,USTIW,CNNGB,THLCH,null,null,QCAN006232,392061,"Plates, sheets, film, foil and","Plates, sheets, film, foil",N,N,40HC,4,8,0,0,3216543,GOLDEN TRUST TRADING INC,GOLDEN TRUST TRADING INC,null,FEIFEI.SHAN@GOLDENTRUSTTRADING.COM,DEBBIE YU,CACAR
NAM5800114,00ND - BOOKED - NO DOCS,PP,null,null,27-10-2022 08:20,JDX,0FTEGN1MA,null,null,09-11-2022 11:00,12-11-2022 00:00,1,null,USTIW,CNNGB,THLCH,null,null,QCAN006232,392061,"Plates, sheets, film, foil and","Plates, sheets, film, foil",N,N,40HC,4,8,0,0,3216543,GOLDEN TRUST TRADING INC,GOLDEN TRUST TRADING INC,null,FEIFEI.SHAN@GOLDENTRUSTTRADING.COM,DEBBIE YU,CACAR
NAM5802161,00NT - ITN - NO DOCS,PP,X20221028635927,X20221028635927,27-10-2022 19:10,JDX,0FTEGN1MA,null,null,09-11-2022 11:00,12-11-2022 00:00,1,null,USTIW,CNSHK,PHMNL,null,22-1414,null,40410,"Whey and modified whey, whethe",Whey,N,N,40HC,2,4,0,0,1282586,JAMES FARRELL & CO,JAMES FARRELL & CO,null,IRENEO@JFARRELL.COM,CHERI SNIDER,USRFR
NAM5803081,00ND - BOOKED - NO DOCS,PP,null,null,28-10-2022 00:00,JDX,0FTEGN1MA,null,null,09-11-2022 11:00,12-11-2022 00:00,1,null,USTIW,CNSHA,CNLYG,null,22-0219,null,80221,Fresh or dried hazelnuts or fi,Hazelnuts  DFN,N,N,40HC,5,10,0,0,3390752,MAINFREIGHT INC,MAINFREIGHT INC,null,NICK.BARRA@MAINFREIGHTUSA.COM,RODERICK NOCHE,STRAT NVO
NAM5804989,71CA - VIP - BOOKED NO DOC,PP,null,null,28-10-2022 00:00,JDX,0FTEGN1MA,null,null,09-11-2022 11:00,12-11-2022 00:00,1,null,USTIW,CNNGB,THLCH,null,22-5078,null,470710,Recovered waste and scrap pa,null,N,N,40HC,7,14,0,0,3358180,CELLMARK INC,CELLMARK INC,"NOVATO, CA",**VIP** BRYANNE TOCKEY bryanne.tockey@cellmark.com,YUBIN YIN,USTRD
NAM5806246,00ND - BOOKED - NO DOCS,PP,null,null,31-10-2022 22:58,JDX,0FTEGN1MA,null,null,09-11-2022 11:00,12-11-2022 00:00,1,null,USTIW,TWKHH,CNTXG,null,22-0219,null,120925,Seeds of forage plants : Rye g,A1 SEEDS Seeds of forage plants,N,N,40HC,1,2,0,0,3390752,MAINFREIGHT INC,MAINFREIGHT INC,null,NICK.BARRA@MAINFREIGHTUSA.COM,RODERICK NOCHE,STRAT NVO
NAM5806355,00ND - BOOKED - NO DOCS,PP,null,null,31-10-2022 16:49,JDX,0FTEGN1MA,null,null,09-11-2022 11:00,12-11-2022 00:00,1,null,USTIW,TWKHH,CNTXG,null,22-0219,null,120925,Seeds of forage plants : Rye g,SEEDSSEEDS OF FORAGE PLANTS,N,N,40HC,1,2,0,0,3390752,MAINFREIGHT INC,MAINFREIGHT INC,null,NICK.BARRA@MAINFREIGHTUSA.COM,RODERICK NOCHE,STRAT NVO
NAM5807660,71CA - VIP - BOOKED NO DOC,PR,null,null,31-10-2022 18:35,JDX,0FTEGN1MA,null,null,09-11-2022 11:00,12-11-2022 00:00,1,null,USTIW,null,TWKHH,TWTXG,22-5078,null,481092,Multiply paper and paperboard,Multiply paper and paperboard,N,N,40HC,2,4,0,0,143824,SUNSET TRADING,SUNSET TRADING,null,GRIFFIN.SCHULTZ@CELLMARK.COM,YUBIN YIN,USTRD
NAM5809647,00ND - BOOKED - NO DOCS,PP,null,null,01-11-2022 13:26,JDX,0FTEGN1MA,null,null,09-11-2022 11:00,12-11-2022 00:00,1,null,USTIW,null,CNNGB,null,null,QNAM064483,740400,"Waste and scrap, of copper (ex",METAL SCRAP,N,N,20ST,3,3,1,0,1264488,GREENLAND AMERICA INC,GREENLAND AMERICA INC,null,BOOKINGS@GREENLANDAMERICA.COM,JOHN MAHAFFEY,USTRD
NAM5810001,00NB - SPECIALIZED - BKD NO DOC,PP,null,null,01-11-2022 00:00,JDX,0FTEGN1MA,null,null,09-11-2022 11:00,12-11-2022 00:00,1,null,USTIW,null,TWKHH,null,22-1931,null,80810,Fresh apples,Fresh apples,N,N,40RH,1,2,0,0,2348830,CHELAN FRESH MARKETING,CHELAN FRESH MARKETING,null,SEAOCEAN@PILOTDELIVERS.COM,CHERI SNIDER,USRFR
NAM5812512,00NB - SPECIALIZED - BKD NO DOC,PR,null,null,02-11-2022 14:22,JDX,0FTEGN1MA,null,null,09-11-2022 11:00,12-11-2022 00:00,1,null,USTIW,null,TWKHH,TWKEL,22-4741,null,20130,"Fresh or chilled bovine meat,",bovine,N,N,40RH,1,2,0,0,5286069,AB FOODS LLC,AB FOODS LLC,null,TRACY.BRIEGER@SPRINTFORWARDERS.COM,CHERI SNIDER,USRFR
NAM9293784,00ND - BOOKED - NO DOCS,PP,null,null,01-08-2022 00:00,JDX,0FTEGN1MA,null,null,09-11-2022 11:00,12-11-2022 00:00,1,null,USTIW,CNSHK,MYPKG,null,22-5063,null,720449,Waste and scrap of iron or ste,METAL SCRAP,N,N,40HC,2,4,0,0,1898555,SEALINK INTERNATIONAL INC,SEALINK INTERNATIONAL INC,null,EXPORTS@SEA-LINK.COM,KATHY WEINMAN,USGCR
NAM9293784,00ND - BOOKED - NO DOCS,PP,null,null,01-08-2022 00:00,JDX,0FTEGN1MA,null,null,09-11-2022 11:00,12-11-2022 00:00,1,null,USTIW,CNSHK,MYPKG,null,22-5063,null,720449,Waste and scrap of iron or ste,null,N,N,20ST,2,2,0,0,1898555,SEALINK INTERNATIONAL INC,SEALINK INTERNATIONAL INC,null,EXPORTS@SEA-LINK.COM,KATHY WEINMAN,USGCR
NAM9298001,00ND - BOOKED - NO DOCS,PP,null,null,14-09-2022 00:00,JDX,0FTEGN1MA,null,null,09-11-2022 11:00,12-11-2022 00:00,1,null,USTIW,CNNGB,IDJKT,null,22-3960,null,40210,"Milk and cream in solid forms,",Milk and cream,N,N,40HC,2,4,0,0,5283846,DARIGOLD INC,DARIGOLD INC,null,TRADEEX@DARIGOLD.COM,HERMAN GAN,USWCR
NAM9298002,00ND - BOOKED - NO DOCS,PP,null,null,14-09-2022 00:00,JDX,0FTEGN1MA,null,null,09-11-2022 11:00,12-11-2022 00:00,1,null,USTIW,CNNGB,IDJKT,null,22-3960,null,40210,"Milk and cream in solid forms,",Milk and cream,N,N,40HC,2,4,2,0,5283846,DARIGOLD INC,DARIGOLD INC,null,TRADEEX@DARIGOLD.COM,HERMAN GAN,USWCR
NAM9298399,NBND - NVR Booked -No Docs,PP,null,null,19-09-2022 16:47,JDX,0FTEGN1MA,null,null,09-11-2022 11:00,12-11-2022 00:00,1,null,USTIW,CNSHA,GBFXT,null,22-5033,null,481960,"Box files, letter trays, stora","Box files, letter trays, storage boxes",N,N,40HC,5,10,0,0,48780,INTERNATIONAL FOREST PRODUCTS LLC,INTERNATIONAL FOREST PRODUCTS LLC,null,AUTOMATEDBOOKING@HAVENINC.COM,JOHN MAJCHROWICZ,USNER
NAM9298811,00ND - BOOKED - NO DOCS,RP,null,null,22-09-2022 00:00,JDX,0FTEGN1MA,USPDXDNWC,05-11-2022 23:00,09-11-2022 11:00,12-11-2022 00:00,1,USPDX,USTIW,CNNGB,THLCH,null,22-5063,null,720449,Waste and scrap of iron or ste,METAL SCRAP,N,N,40HC,5,10,0,0,1898555,SEALINK INTERNATIONAL INC,SEALINK INTERNATIONAL INC,null,EXPORTS@SEA-LINK.COM,KATHY WEINMAN,USGCR
